,Guide sequence (5' to 3'),Synthetic target sequence  (5' to 3'),PAM,Target sequence (5' to 3'),Indel frequency (%),Mismatch position,Number of mismatched bases (bp),Mutation type
0,CTCCGCCCCACCTCCCCCAGCCC,ACACTGTGACACAGTGATTTACTCCGCCgCACCTCCCCCAGCCCAGCTTGGCGTAACTAGATCTTG,TTTA,CTCCGCCgCACCTCCCCCAGCCC,1.021034075,"8,",1,"TRANSVERSION,"
1,CTCCGCCCCACCTCCCCCAGCCC,ACGACGCTGTACGACGATTTACTaCGCCCCACCTCCCCCAGCCCAGCTTGGCGTAACTAGATCTTG,TTTA,CTaCGCCCCACCTCCCCCAGCCC,1.894577429,"3,",1,"TRANSVERSION,"
2,CTCCGCCCCACCTCCCCCAGCCC,ACTCATAGATCTCGCGATTTACTCCGCCCCACCTCCCCCAtCCCAGCTTGGCGTAACTAGATCTTG,TTTA,CTCCGCCCCACCTCCCCCAtCCC,23.22064959,"20,",1,"TRANSVERSION,"
3,CTCCGCCCCACCTCCCCCAGCCC,AGCAGATCAGTCAGAGATTTACgCCGCCCCACCTCCCCCAGCCCAGCTTGGCGTAACTAGATCTTG,TTTA,CgCCGCCCCACCTCCCCCAGCCC,3.252243708,"2,",1,"TRANSVERSION,"
4,CTCCGCCCCACCTCCCCCAGCCC,AGCGCTGACTCAGTGGATTTACTCCGCCCCACCTCtCCCAGCCCAGCTTGGCGTAACTAGATCTTG,TTTA,CTCCGCCCCACCTCtCCCAGCCC,0.74209198,"15,",1,"NONWOBBLE_TRANSITION,"
5,CTCCGCCCCACCTCCCCCAGCCC,ATCTAGCGCATGACTGATTTACTCgGCCCCACCTCCCCCAGCCCAGCTTGGCGTAACTAGATCTTG,TTTA,CTCgGCCCCACCTCCCCCAGCCC,0.705848769,"4,",1,"TRANSVERSION,"
6,CTCCGCCCCACCTCCCCCAGCCC,ATCTGACACAGCATCGATTTACTCCGCCCCACCTCCtCCAGCCCAGCTTGGCGTAACTAGATCTTG,TTTA,CTCCGCCCCACCTCCtCCAGCCC,0.474952432,"16,",1,"NONWOBBLE_TRANSITION,"
7,CTCCGCCCCACCTCCCCCAGCCC,CAGATCGACTGTACTGATTTACTCCGCCtCACCTCCCCCAGCCCAGCTTGGCGTAACTAGATCTTG,TTTA,CTCCGCCtCACCTCCCCCAGCCC,4.653023298,"8,",1,"NONWOBBLE_TRANSITION,"
8,CTCCGCCCCACCTCCCCCAGCCC,CGATATCGCGCTCGCGATTTACTCCGCCCCACCTCCCCaAGCCCAGCTTGGCGTAACTAGATCTTG,TTTA,CTCCGCCCCACCTCCCCaAGCCC,6.605922551,"18,",1,"TRANSVERSION,"
9,CTCCGCCCCACCTCCCCCAGCCC,CGCGATACAGTGCGAGATTTACTCCGtCCCACCTCCCCCAGCCCAGCTTGGCGTAACTAGATCTTG,TTTA,CTCCGtCCCACCTCCCCCAGCCC,2.294973545,"6,",1,"NONWOBBLE_TRANSITION,"
10,CTCCGCCCCACCTCCCCCAGCCC,CGTGCAGTGATCATGGATTTACTCCGCCCCACCTCCCCCtGCCCAGCTTGGCGTAACTAGATCTTG,TTTA,CTCCGCCCCACCTCCCCCtGCCC,14.32383323,"19,",1,"TRANSVERSION,"
11,CTCCGCCCCACCTCCCCCAGCCC,CTCGCTGTGCTCACGGATTTACTCCaCCCCACCTCCCCCAGCCCAGCTTGGCGTAACTAGATCTTG,TTTA,CTCCaCCCCACCTCCCCCAGCCC,25.00532141,"5,",1,"NONWOBBLE_TRANSITION,"
12,CTCCGCCCCACCTCCCCCAGCCC,CTCTAGTAGTGACGCGATTTACTCCGCCCCACCTCCCaCAGCCCAGCTTGGCGTAACTAGATCTTG,TTTA,CTCCGCCCCACCTCCCaCAGCCC,2.51401055,"17,",1,"TRANSVERSION,"
13,CTCCGCCCCACCTCCCCCAGCCC,GACATATCGTGCACAGATTTACTCCGCCCCACaTCCCCCAGCCCAGCTTGGCGTAACTAGATCTTG,TTTA,CTCCGCCCCACaTCCCCCAGCCC,0,"12,",1,"TRANSVERSION,"
14,CTCCGCCCCACCTCCCCCAGCCC,GAGTCTCTACGAGCGGATTTACTCCGCCCaACCTCCCCCAGCCCAGCTTGGCGTAACTAGATCTTG,TTTA,CTCCGCCCaACCTCCCCCAGCCC,5.043294402,"9,",1,"TRANSVERSION,"
15,CTCCGCCCCACCTCCCCCAGCCC,GATATGTACGCTACTGATTTACTCCGCaCCACCTCCCCCAGCCCAGCTTGGCGTAACTAGATCTTG,TTTA,CTCCGCaCCACCTCCCCCAGCCC,12.38200453,"7,",1,"TRANSVERSION,"
16,CTCCGCCCCACCTCCCCCAGCCC,GATCAGAGTGAGATAGATTTACTCCGCCCCACCTCCCCCAGCCtAGCTTGGCGTAACTAGATCTTG,TTTA,CTCCGCCCCACCTCCCCCAGCCt,10.00409601,"23,",1,"NONWOBBLE_TRANSITION,"
17,CTCCGCCCCACCTCCCCCAGCCC,GATGTGTCTGCTGACGATTTACTCCGCCCCgCCTCCCCCAGCCCAGCTTGGCGTAACTAGATCTTG,TTTA,CTCCGCCCCgCCTCCCCCAGCCC,0.784559107,"10,",1,"WOBBLE_TRANSITION,"
18,CTCCGCCCCACCTCCCCCAGCCC,GCGAGAGCTACATGAGATTTACTCCGCCCCACCTCCaCCAGCCCAGCTTGGCGTAACTAGATCTTG,TTTA,CTCCGCCCCACCTCCaCCAGCCC,0.265700483,"16,",1,"TRANSVERSION,"
19,CTCCGCCCCACCTCCCCCAGCCC,GCGCTACTCATGTGTGATTTACTtCGCCCCACCTCCCCCAGCCCAGCTTGGCGTAACTAGATCTTG,TTTA,CTtCGCCCCACCTCCCCCAGCCC,0,"3,",1,"NONWOBBLE_TRANSITION,"
20,CTCCGCCCCACCTCCCCCAGCCC,GCGTCGATCTACACAGATTTACTCCGCCCCACCTCCCCCAGtCCAGCTTGGCGTAACTAGATCTTG,TTTA,CTCCGCCCCACCTCCCCCAGtCC,22.66406758,"21,",1,"NONWOBBLE_TRANSITION,"
21,CTCCGCCCCACCTCCCCCAGCCC,GCTCGTCAGTGAGAGGATTTACTCCGCCCgACCTCCCCCAGCCCAGCTTGGCGTAACTAGATCTTG,TTTA,CTCCGCCCgACCTCCCCCAGCCC,44.89829224,"9,",1,"TRANSVERSION,"
22,CTCCGCCCCACCTCCCCCAGCCC,GCTGAGACTATAGAGGATTTACTCCGCCCCAtCTCCCCCAGCCCAGCTTGGCGTAACTAGATCTTG,TTTA,CTCCGCCCCAtCTCCCCCAGCCC,0,"11,",1,"NONWOBBLE_TRANSITION,"
23,CTCCGCCCCACCTCCCCCAGCCC,GTCATGCTATCGCTCGATTTACTCCGCCCtACCTCCCCCAGCCCAGCTTGGCGTAACTAGATCTTG,TTTA,CTCCGCCCtACCTCCCCCAGCCC,2.445121423,"9,",1,"NONWOBBLE_TRANSITION,"
24,CTCCGCCCCACCTCCCCCAGCCC,GTGCATGAGACAGCTGATTTACTCCGCCCCACCTCCCCgAGCCCAGCTTGGCGTAACTAGATCTTG,TTTA,CTCCGCCCCACCTCCCCgAGCCC,3.402638051,"18,",1,"TRANSVERSION,"
25,CTCCGCCCCACCTCCCCCAGCCC,TAGTCATCTAGCAGCGATTTACTCCGCCCCACCTCCCgCAGCCCAGCTTGGCGTAACTAGATCTTG,TTTA,CTCCGCCCCACCTCCCgCAGCCC,4.900081057,"17,",1,"TRANSVERSION,"
26,CTCCGCCCCACCTCCCCCAGCCC,TAGTCGTAGCGATGTGATTTACTCCtCCCCACCTCCCCCAGCCCAGCTTGGCGTAACTAGATCTTG,TTTA,CTCCtCCCCACCTCCCCCAGCCC,0.854700855,"5,",1,"TRANSVERSION,"
27,CTCCGCCCCACCTCCCCCAGCCC,TATATCAGTGATCTCGATTTACTCCGCCCCACCTgCCCCAGCCCAGCTTGGCGTAACTAGATCTTG,TTTA,CTCCGCCCCACCTgCCCCAGCCC,0,"14,",1,"TRANSVERSION,"
28,CTCCGCCCCACCTCCCCCAGCCC,TATCGACTATCGAGTGATTTACTCCGaCCCACCTCCCCCAGCCCAGCTTGGCGTAACTAGATCTTG,TTTA,CTCCGaCCCACCTCCCCCAGCCC,6.218835057,"6,",1,"TRANSVERSION,"
29,CTCCGCCCCACCTCCCCCAGCCC,TCTCATCTACTAGTAGATTTACTCCGCCCCACCaCCCCCAGCCCAGCTTGGCGTAACTAGATCTTG,TTTA,CTCCGCCCCACCaCCCCCAGCCC,18.36820209,"13,",1,"TRANSVERSION,"
30,CTCCGCCCCACCTCCCCCAGCCC,TGACGACTGAGTCTAGATTTACTCCGgCCCACCTCCCCCAGCCCAGCTTGGCGTAACTAGATCTTG,TTTA,CTCCGgCCCACCTCCCCCAGCCC,1.492063609,"6,",1,"TRANSVERSION,"
31,CTCCGCCCCACCTCCCCCAGCCC,TGACTCACGACAGTGGATTTACTCCGCCCCACCTCCCtCAGCCCAGCTTGGCGTAACTAGATCTTG,TTTA,CTCCGCCCCACCTCCCtCAGCCC,2.054794521,"17,",1,"NONWOBBLE_TRANSITION,"
32,CTCCGCCCCACCTCCCCCAGCCC,TGCACATAGACTGTCGATTTAgTCCGCCCCACCTCCCCCAGCCCAGCTTGGCGTAACTAGATCTTG,TTTA,gTCCGCCCCACCTCCCCCAGCCC,1.0577238,"1,",1,"TRANSVERSION,"
33,CTCCGCCCCACCTCCCCCAGCCC,TGCAGCGAGTACTGAGATTTACTCCGCCCCACCTCCCCCAGCaCAGCTTGGCGTAACTAGATCTTG,TTTA,CTCCGCCCCACCTCCCCCAGCaC,21.29785247,"22,",1,"TRANSVERSION,"
34,CTCCGCCCCACCTCCCCCAGCCC,TGCATATGTACGTGTGATTTACTCCGCCaCACCTCCCCCAGCCCAGCTTGGCGTAACTAGATCTTG,TTTA,CTCCGCCaCACCTCCCCCAGCCC,3.156989543,"8,",1,"TRANSVERSION,"
35,CTCCGCCCCACCTCCCCCAGCCC,TGCGATCTGCAGTATGATTTACTCCGCCCCACCTCCgCCAGCCCAGCTTGGCGTAACTAGATCTTG,TTTA,CTCCGCCCCACCTCCgCCAGCCC,9.866849324,"16,",1,"TRANSVERSION,"
36,CTCCGCCCCACCTCCCCCAGCCC,TGCTCAGTACGTAGAGATTTACTCaGCCCCACCTCCCCCAGCCCAGCTTGGCGTAACTAGATCTTG,TTTA,CTCaGCCCCACCTCCCCCAGCCC,0.775193798,"4,",1,"TRANSVERSION,"
37,CTCTCCTAGGACCCTCCCTCTCG,ACACGCAGTCGTCTGGATTTACTCTCCaAGGACCCTCCCTCTCGAGCTTGGCGTAACTAGATCTTG,TTTA,CTCTCCaAGGACCCTCCCTCTCG,6.311420375,"7,",1,"TRANSVERSION,"
38,CTCTCCTAGGACCCTCCCTCTCG,ACGATGATGTCACATGATTTAtTCTCCTAGGACCCTCCCTCTCGAGCTTGGCGTAACTAGATCTTG,TTTA,tTCTCCTAGGACCCTCCCTCTCG,1.809439131,"1,",1,"NONWOBBLE_TRANSITION,"
39,CTCTCCTAGGACCCTCCCTCTCG,ACGCTATAGTCAGTGGATTTACTCTCCTAGGACCtTCCCTCTCGAGCTTGGCGTAACTAGATCTTG,TTTA,CTCTCCTAGGACCtTCCCTCTCG,19.38193576,"14,",1,"NONWOBBLE_TRANSITION,"
40,CTCTCCTAGGACCCTCCCTCTCG,AGCGATCGTCAGTGTGATTTACaCTCCTAGGACCCTCCCTCTCGAGCTTGGCGTAACTAGATCTTG,TTTA,CaCTCCTAGGACCCTCCCTCTCG,0,"2,",1,"TRANSVERSION,"
41,CTCTCCTAGGACCCTCCCTCTCG,AGTCTCTAGCACATGGATTTACTCTCCTAGGACCCgCCCTCTCGAGCTTGGCGTAACTAGATCTTG,TTTA,CTCTCCTAGGACCCgCCCTCTCG,10.22292673,"15,",1,"TRANSVERSION,"
42,CTCTCCTAGGACCCTCCCTCTCG,ATCGCACAGTCGTGCGATTTACTCTCCgAGGACCCTCCCTCTCGAGCTTGGCGTAACTAGATCTTG,TTTA,CTCTCCgAGGACCCTCCCTCTCG,2.996859021,"7,",1,"TRANSVERSION,"
43,CTCTCCTAGGACCCTCCCTCTCG,ATCTCTACTGTGACGGATTTACTCTCCTAGGACCCTCCCTCTaGAGCTTGGCGTAACTAGATCTTG,TTTA,CTCTCCTAGGACCCTCCCTCTaG,25.44136455,"22,",1,"TRANSVERSION,"
44,CTCTCCTAGGACCCTCCCTCTCG,ATGTGAGCGAGTACTGATTTACTCTCCTAGGACgCTCCCTCTCGAGCTTGGCGTAACTAGATCTTG,TTTA,CTCTCCTAGGACgCTCCCTCTCG,5.830817008,"13,",1,"TRANSVERSION,"
45,CTCTCCTAGGACCCTCCCTCTCG,CACACGTGTCTCACTGATTTACTCTCaTAGGACCCTCCCTCTCGAGCTTGGCGTAACTAGATCTTG,TTTA,CTCTCaTAGGACCCTCCCTCTCG,7.804800178,"6,",1,"TRANSVERSION,"
46,CTCTCCTAGGACCCTCCCTCTCG,CACGAGCTGCGAGCTGATTTACTCTCCTAGGACCCTtCCTCTCGAGCTTGGCGTAACTAGATCTTG,TTTA,CTCTCCTAGGACCCTtCCTCTCG,23.97299595,"16,",1,"NONWOBBLE_TRANSITION,"
47,CTCTCCTAGGACCCTCCCTCTCG,CACGCTATGACGTGAGATTTACTCTCCTAGcACCCTCCCTCTCGAGCTTGGCGTAACTAGATCTTG,TTTA,CTCTCCTAGcACCCTCCCTCTCG,18.05336766,"10,",1,"TRANSVERSION,"
48,CTCTCCTAGGACCCTCCCTCTCG,CACTAGCTCGCTGAGGATTTACTCTCCTAGGACCCTCgCTCTCGAGCTTGGCGTAACTAGATCTTG,TTTA,CTCTCCTAGGACCCTCgCTCTCG,9.04018061,"17,",1,"TRANSVERSION,"
49,CTCTCCTAGGACCCTCCCTCTCG,CACTGCGAGTCAGTGGATTTACcCTCCTAGGACCCTCCCTCTCGAGCTTGGCGTAACTAGATCTTG,TTTA,CcCTCCTAGGACCCTCCCTCTCG,12.11186132,"2,",1,"NONWOBBLE_TRANSITION,"
50,CTCTCCTAGGACCCTCCCTCTCG,CAGCGCACAGACGCAGATTTACTCTCCTAGGACCCTCCCTCTCaAGCTTGGCGTAACTAGATCTTG,TTTA,CTCTCCTAGGACCCTCCCTCTCa,23.02041398,"23,",1,"NONWOBBLE_TRANSITION,"
51,CTCTCCTAGGACCCTCCCTCTCG,CATCTCGTATGCGTGGATTTACTCTCCTAGGACCCTCCCgCTCGAGCTTGGCGTAACTAGATCTTG,TTTA,CTCTCCTAGGACCCTCCCgCTCG,29.3247615,"19,",1,"TRANSVERSION,"
52,CTCTCCTAGGACCCTCCCTCTCG,CGCACGAGCAGATATGATTTACTCTCCTAGGACCgTCCCTCTCGAGCTTGGCGTAACTAGATCTTG,TTTA,CTCTCCTAGGACCgTCCCTCTCG,22.89433789,"14,",1,"TRANSVERSION,"
53,CTCTCCTAGGACCCTCCCTCTCG,CGCAGTACAGTACAGGATTTACTCTCCTAGGcCCCTCCCTCTCGAGCTTGGCGTAACTAGATCTTG,TTTA,CTCTCCTAGGcCCCTCCCTCTCG,8.277908096,"11,",1,"TRANSVERSION,"
54,CTCTCCTAGGACCCTCCCTCTCG,CGCTGTCACTAGAGCGATTTACTCTCCTAGGACaCTCCCTCTCGAGCTTGGCGTAACTAGATCTTG,TTTA,CTCTCCTAGGACaCTCCCTCTCG,20.85814507,"13,",1,"TRANSVERSION,"
55,CTCTCCTAGGACCCTCCCTCTCG,CTAGTGTGAGAGTGCGATTTACTCTCCTAGGACCCTCCaTCTCGAGCTTGGCGTAACTAGATCTTG,TTTA,CTCTCCTAGGACCCTCCaTCTCG,23.21103949,"18,",1,"TRANSVERSION,"
56,CTCTCCTAGGACCCTCCCTCTCG,CTCAGACTACATGATGATTTACTgTCCTAGGACCCTCCCTCTCGAGCTTGGCGTAACTAGATCTTG,TTTA,CTgTCCTAGGACCCTCCCTCTCG,1.385627148,"3,",1,"TRANSVERSION,"
57,CTCTCCTAGGACCCTCCCTCTCG,CTCGATGACAGTACGGATTTAgTCTCCTAGGACCCTCCCTCTCGAGCTTGGCGTAACTAGATCTTG,TTTA,gTCTCCTAGGACCCTCCCTCTCG,3.60177514,"1,",1,"TRANSVERSION,"
58,CTCTCCTAGGACCCTCCCTCTCG,CTCGCGCGACATCTCGATTTACTCTCCTAaGACCCTCCCTCTCGAGCTTGGCGTAACTAGATCTTG,TTTA,CTCTCCTAaGACCCTCCCTCTCG,17.01499308,"9,",1,"NONWOBBLE_TRANSITION,"
59,CTCTCCTAGGACCCTCCCTCTCG,CTGCATCGTACATCAGATTTACTCTCCTAGGACCCTCCCTCaCGAGCTTGGCGTAACTAGATCTTG,TTTA,CTCTCCTAGGACCCTCCCTCaCG,31.54120736,"21,",1,"TRANSVERSION,"
60,CTCTCCTAGGACCCTCCCTCTCG,CTGTCGACTCGCAGTGATTTACTCTCtTAGGACCCTCCCTCTCGAGCTTGGCGTAACTAGATCTTG,TTTA,CTCTCtTAGGACCCTCCCTCTCG,0.217054264,"6,",1,"NONWOBBLE_TRANSITION,"
61,CTCTCCTAGGACCCTCCCTCTCG,GACAGACTCTCGCTCGATTTACTCTCCTAGGACCCTCCCTCTtGAGCTTGGCGTAACTAGATCTTG,TTTA,CTCTCCTAGGACCCTCCCTCTtG,37.44889224,"22,",1,"NONWOBBLE_TRANSITION,"
62,CTCTCCTAGGACCCTCCCTCTCG,GACTGCAGCTCATCAGATTTACTCTCCTAGGACCCTCCCTaTCGAGCTTGGCGTAACTAGATCTTG,TTTA,CTCTCCTAGGACCCTCCCTaTCG,30.56107578,"20,",1,"TRANSVERSION,"
63,CTCTCCTAGGACCCTCCCTCTCG,GATACACGTCACGTAGATTTACTCTCCTAGGACCCTCCCTgTCGAGCTTGGCGTAACTAGATCTTG,TTTA,CTCTCCTAGGACCCTCCCTgTCG,21.17753684,"20,",1,"TRANSVERSION,"
64,CTCTCCTAGGACCCTCCCTCTCG,GCACGCGTACGCTACGATTTACTtTCCTAGGACCCTCCCTCTCGAGCTTGGCGTAACTAGATCTTG,TTTA,CTtTCCTAGGACCCTCCCTCTCG,3.967658358,"3,",1,"NONWOBBLE_TRANSITION,"
65,CTCTCCTAGGACCCTCCCTCTCG,GCATACATACTCTACGATTTACTCTCCTgGGACCCTCCCTCTCGAGCTTGGCGTAACTAGATCTTG,TTTA,CTCTCCTgGGACCCTCCCTCTCG,4.724509526,"8,",1,"WOBBLE_TRANSITION,"
66,CTCTCCTAGGACCCTCCCTCTCG,GCATACGTGTCACGCGATTTACTCTCCTtGGACCCTCCCTCTCGAGCTTGGCGTAACTAGATCTTG,TTTA,CTCTCCTtGGACCCTCCCTCTCG,4.605716939,"8,",1,"TRANSVERSION,"
67,CTCTCCTAGGACCCTCCCTCTCG,GCGTCTGTACGTCAGGATTTACTCTCCTAGGgCCCTCCCTCTCGAGCTTGGCGTAACTAGATCTTG,TTTA,CTCTCCTAGGgCCCTCCCTCTCG,14.25176024,"11,",1,"WOBBLE_TRANSITION,"
68,CTCTCCTAGGACCCTCCCTCTCG,TACACGAGACGTACGGATTTACTCTCCTAGGACCCTCCCTCgCGAGCTTGGCGTAACTAGATCTTG,TTTA,CTCTCCTAGGACCCTCCCTCgCG,23.00455789,"21,",1,"TRANSVERSION,"
69,CTCTCCTAGGACCCTCCCTCTCG,TAGCTCGACATCGCAGATTTACTCTCCTAGaACCCTCCCTCTCGAGCTTGGCGTAACTAGATCTTG,TTTA,CTCTCCTAGaACCCTCCCTCTCG,20.31807391,"10,",1,"NONWOBBLE_TRANSITION,"
70,CTCTCCTAGGACCCTCCCTCTCG,TATAGACGCACGAGTGATTTACTCTCCTAGGtCCCTCCCTCTCGAGCTTGGCGTAACTAGATCTTG,TTTA,CTCTCCTAGGtCCCTCCCTCTCG,16.48306335,"11,",1,"TRANSVERSION,"
71,CTCTCCTAGGACCCTCCCTCTCG,TATAGTGCGTGTGCGGATTTACTCTCCTAcGACCCTCCCTCTCGAGCTTGGCGTAACTAGATCTTG,TTTA,CTCTCCTAcGACCCTCCCTCTCG,9.354084766,"9,",1,"TRANSVERSION,"
72,CTCTCCTAGGACCCTCCCTCTCG,TCGACATGTCTCACAGATTTACTCTCCTAGGACCCTCCCcCTCGAGCTTGGCGTAACTAGATCTTG,TTTA,CTCTCCTAGGACCCTCCCcCTCG,25.44185274,"19,",1,"NONWOBBLE_TRANSITION,"
73,CTCTCCTAGGACCCTCCCTCTCG,TCGCATCTCGCTGCGGATTTACTCTCgTAGGACCCTCCCTCTCGAGCTTGGCGTAACTAGATCTTG,TTTA,CTCTCgTAGGACCCTCCCTCTCG,2.935654574,"6,",1,"TRANSVERSION,"
74,CTCTCCTAGGACCCTCCCTCTCG,TCGTCGCATCAGAGCGATTTACTCTCCTAGGACCCTCCCTtTCGAGCTTGGCGTAACTAGATCTTG,TTTA,CTCTCCTAGGACCCTCCCTtTCG,30.98002393,"20,",1,"NONWOBBLE_TRANSITION,"
75,CTCTCCTAGGACCCTCCCTCTCG,TCGTCGTAGTGTGCGGATTTACTCTtCTAGGACCCTCCCTCTCGAGCTTGGCGTAACTAGATCTTG,TTTA,CTCTtCTAGGACCCTCCCTCTCG,0,"5,",1,"NONWOBBLE_TRANSITION,"
76,CTCTCCTAGGACCCTCCCTCTCG,TGACTCGCTCTATACGATTTACTCTCCTAGGACCCTCCCTCTgGAGCTTGGCGTAACTAGATCTTG,TTTA,CTCTCCTAGGACCCTCCCTCTgG,40.23598694,"22,",1,"TRANSVERSION,"
77,CTCTCCTAGGACCCTCCCTCTCG,TGCAGTACTGATCTCGATTTACTCTCCTAGGAaCCTCCCTCTCGAGCTTGGCGTAACTAGATCTTG,TTTA,CTCTCCTAGGAaCCTCCCTCTCG,15.0326701,"12,",1,"TRANSVERSION,"
78,CTGATGGTCCATGTCTGTTACTC,ACGAGACGACTACAGGATTTAaTGATGGTCCATGTCTGTTACTCAGCTTGGCGTAACTAGATCTTG,TTTA,aTGATGGTCCATGTCTGTTACTC,1.815978078,"1,",1,"TRANSVERSION,"
79,CTGATGGTCCATGTCTGTTACTC,ACGATCAGATGTGTAGATTTACTGATGGTCCAgGTCTGTTACTCAGCTTGGCGTAACTAGATCTTG,TTTA,CTGATGGTCCAgGTCTGTTACTC,16.55771879,"12,",1,"TRANSVERSION,"
80,CTGATGGTCCATGTCTGTTACTC,ACTCGACGAGCTGAGGATTTACTGATtGTCCATGTCTGTTACTCAGCTTGGCGTAACTAGATCTTG,TTTA,CTGATtGTCCATGTCTGTTACTC,0,"6,",1,"TRANSVERSION,"
81,CTGATGGTCCATGTCTGTTACTC,ACTGATCAGACTAGTGATTTACTGATGGTCCAcGTCTGTTACTCAGCTTGGCGTAACTAGATCTTG,TTTA,CTGATGGTCCAcGTCTGTTACTC,12.49968737,"12,",1,"NONWOBBLE_TRANSITION,"
82,CTGATGGTCCATGTCTGTTACTC,ACTGCTCTCGAGACGGATTTACTGATGGTCgATGTCTGTTACTCAGCTTGGCGTAACTAGATCTTG,TTTA,CTGATGGTCgATGTCTGTTACTC,9.026214689,"10,",1,"TRANSVERSION,"
83,CTGATGGTCCATGTCTGTTACTC,AGAGATCATCTCGCGGATTTACTGcTGGTCCATGTCTGTTACTCAGCTTGGCGTAACTAGATCTTG,TTTA,CTGcTGGTCCATGTCTGTTACTC,1.037539154,"4,",1,"TRANSVERSION,"
84,CTGATGGTCCATGTCTGTTACTC,AGCACTAGCGCGAGTGATTTACTGAcGGTCCATGTCTGTTACTCAGCTTGGCGTAACTAGATCTTG,TTTA,CTGAcGGTCCATGTCTGTTACTC,8.379528885,"5,",1,"NONWOBBLE_TRANSITION,"
85,CTGATGGTCCATGTCTGTTACTC,AGCAGCGATCGCTAGGATTTAgTGATGGTCCATGTCTGTTACTCAGCTTGGCGTAACTAGATCTTG,TTTA,gTGATGGTCCATGTCTGTTACTC,12.68042549,"1,",1,"TRANSVERSION,"
86,CTGATGGTCCATGTCTGTTACTC,AGCGCGATACACGCTGATTTACTGATGGTCCATGTCTGTTAaTCAGCTTGGCGTAACTAGATCTTG,TTTA,CTGATGGTCCATGTCTGTTAaTC,53.94606889,"21,",1,"TRANSVERSION,"
87,CTGATGGTCCATGTCTGTTACTC,AGCTACAGCATGCTGGATTTACTaATGGTCCATGTCTGTTACTCAGCTTGGCGTAACTAGATCTTG,TTTA,CTaATGGTCCATGTCTGTTACTC,3.67721331,"3,",1,"NONWOBBLE_TRANSITION,"
88,CTGATGGTCCATGTCTGTTACTC,ATACGATCACACACTGATTTACTGATGGTCCATGTgTGTTACTCAGCTTGGCGTAACTAGATCTTG,TTTA,CTGATGGTCCATGTgTGTTACTC,2.612217563,"15,",1,"TRANSVERSION,"
89,CTGATGGTCCATGTCTGTTACTC,ATAGACACTATAGATGATTTACTGATGGTCCATGTCTGaTACTCAGCTTGGCGTAACTAGATCTTG,TTTA,CTGATGGTCCATGTCTGaTACTC,19.56701238,"18,",1,"TRANSVERSION,"
90,CTGATGGTCCATGTCTGTTACTC,ATCGAGTAGACGCACGATTTACTGATGGTCCATGTCTGTTACaCAGCTTGGCGTAACTAGATCTTG,TTTA,CTGATGGTCCATGTCTGTTACaC,55.49209712,"22,",1,"TRANSVERSION,"
91,CTGATGGTCCATGTCTGTTACTC,ATCGATCTAGCTGAGGATTTACTGATGGTCCATGTCTGTaACTCAGCTTGGCGTAACTAGATCTTG,TTTA,CTGATGGTCCATGTCTGTaACTC,47.31081996,"19,",1,"TRANSVERSION,"
92,CTGATGGTCCATGTCTGTTACTC,CACATATCGCACGTGGATTTACTGATGaTCCATGTCTGTTACTCAGCTTGGCGTAACTAGATCTTG,TTTA,CTGATGaTCCATGTCTGTTACTC,34.70158834,"7,",1,"NONWOBBLE_TRANSITION,"
93,CTGATGGTCCATGTCTGTTACTC,CGATGCGATCAGTACGATTTACgGATGGTCCATGTCTGTTACTCAGCTTGGCGTAACTAGATCTTG,TTTA,CgGATGGTCCATGTCTGTTACTC,2.09904731,"2,",1,"TRANSVERSION,"
94,CTGATGGTCCATGTCTGTTACTC,CGTACGATCACTGATGATTTACTGATGGTCCATcTCTGTTACTCAGCTTGGCGTAACTAGATCTTG,TTTA,CTGATGGTCCATcTCTGTTACTC,9.199664835,"13,",1,"TRANSVERSION,"
95,CTGATGGTCCATGTCTGTTACTC,CGTGATATGCGCATCGATTTACTGAgGGTCCATGTCTGTTACTCAGCTTGGCGTAACTAGATCTTG,TTTA,CTGAgGGTCCATGTCTGTTACTC,3.760055568,"5,",1,"TRANSVERSION,"
96,CTGATGGTCCATGTCTGTTACTC,CGTGCGACAGTCTCTGATTTACaGATGGTCCATGTCTGTTACTCAGCTTGGCGTAACTAGATCTTG,TTTA,CaGATGGTCCATGTCTGTTACTC,11.50128026,"2,",1,"TRANSVERSION,"
97,CTGATGGTCCATGTCTGTTACTC,CGTGTCGCTGATCAGGATTTACTGATGGTCCcTGTCTGTTACTCAGCTTGGCGTAACTAGATCTTG,TTTA,CTGATGGTCCcTGTCTGTTACTC,14.95773328,"11,",1,"TRANSVERSION,"
98,CTGATGGTCCATGTCTGTTACTC,CTACTACTAGACGATGATTTACTGATGGTCCAaGTCTGTTACTCAGCTTGGCGTAACTAGATCTTG,TTTA,CTGATGGTCCAaGTCTGTTACTC,8.597401359,"12,",1,"TRANSVERSION,"
99,CTGATGGTCCATGTCTGTTACTC,CTAGTAGCGTGTGTGGATTTACTGATGGTCCATGTCTGcTACTCAGCTTGGCGTAACTAGATCTTG,TTTA,CTGATGGTCCATGTCTGcTACTC,38.16265352,"18,",1,"NONWOBBLE_TRANSITION,"
100,CTGATGGTCCATGTCTGTTACTC,CTATCACTGCAGATCGATTTACTGATGGTCCATGTCgGTTACTCAGCTTGGCGTAACTAGATCTTG,TTTA,CTGATGGTCCATGTCgGTTACTC,13.75388334,"16,",1,"TRANSVERSION,"
101,CTGATGGTCCATGTCTGTTACTC,CTCAGCACACGACTCGATTTACTGATGGTCCATGaCTGTTACTCAGCTTGGCGTAACTAGATCTTG,TTTA,CTGATGGTCCATGaCTGTTACTC,37.47355079,"14,",1,"TRANSVERSION,"
102,CTGATGGTCCATGTCTGTTACTC,CTCTAGCGTCTCACGGATTTACTGATGGTCtATGTCTGTTACTCAGCTTGGCGTAACTAGATCTTG,TTTA,CTGATGGTCtATGTCTGTTACTC,31.98993717,"10,",1,"NONWOBBLE_TRANSITION,"
103,CTGATGGTCCATGTCTGTTACTC,CTCTGCGTATATAGAGATTTACTGATGGTCCATGTCTGTTACTaAGCTTGGCGTAACTAGATCTTG,TTTA,CTGATGGTCCATGTCTGTTACTa,55.77312763,"23,",1,"TRANSVERSION,"
104,CTGATGGTCCATGTCTGTTACTC,CTGAGTATACTACGTGATTTACTGATGGTCCATGTCTGTcACTCAGCTTGGCGTAACTAGATCTTG,TTTA,CTGATGGTCCATGTCTGTcACTC,29.37063964,"19,",1,"NONWOBBLE_TRANSITION,"
105,CTGATGGTCCATGTCTGTTACTC,CTGTCAGTGATCGCTGATTTACTGATGGTCCATGTCTGTTACTgAGCTTGGCGTAACTAGATCTTG,TTTA,CTGATGGTCCATGTCTGTTACTg,40.24586976,"23,",1,"TRANSVERSION,"
106,CTGATGGTCCATGTCTGTTACTC,GACTATCATAGCTCAGATTTACTGATGGTCCATGTCTGTTAgTCAGCTTGGCGTAACTAGATCTTG,TTTA,CTGATGGTCCATGTCTGTTAgTC,54.86238468,"21,",1,"TRANSVERSION,"
107,CTGATGGTCCATGTCTGTTACTC,GAGACGACAGTACGCGATTTACTcATGGTCCATGTCTGTTACTCAGCTTGGCGTAACTAGATCTTG,TTTA,CTcATGGTCCATGTCTGTTACTC,5.701443951,"3,",1,"TRANSVERSION,"
108,CTGATGGTCCATGTCTGTTACTC,GATCGATATACTCATGATTTACTGATGGTCCATGTaTGTTACTCAGCTTGGCGTAACTAGATCTTG,TTTA,CTGATGGTCCATGTaTGTTACTC,13.94226853,"15,",1,"TRANSVERSION,"
109,CTGATGGTCCATGTCTGTTACTC,GATCGATGAGCTACTGATTTACTGATGGTCCATGTCTtTTACTCAGCTTGGCGTAACTAGATCTTG,TTTA,CTGATGGTCCATGTCTtTTACTC,6.608814445,"17,",1,"TRANSVERSION,"
110,CTGATGGTCCATGTCTGTTACTC,GCAGTCTCGAGTAGCGATTTACTGATGGTCCATGTCTGTTACgCAGCTTGGCGTAACTAGATCTTG,TTTA,CTGATGGTCCATGTCTGTTACgC,38.69165795,"22,",1,"TRANSVERSION,"
111,CTGATGGTCCATGTCTGTTACTC,GCATACACTAGCTCGGATTTACTGATGGTCCATGTCTGTTAtTCAGCTTGGCGTAACTAGATCTTG,TTTA,CTGATGGTCCATGTCTGTTAtTC,44.46916001,"21,",1,"NONWOBBLE_TRANSITION,"
112,CTGATGGTCCATGTCTGTTACTC,GCTATCAGTGTCAGCGATTTACTGATGGTCCATGTCTGTgACTCAGCTTGGCGTAACTAGATCTTG,TTTA,CTGATGGTCCATGTCTGTgACTC,15.44797809,"19,",1,"TRANSVERSION,"
113,CTGATGGTCCATGTCTGTTACTC,GCTGTGTCGTGACTCGATTTACTtATGGTCCATGTCTGTTACTCAGCTTGGCGTAACTAGATCTTG,TTTA,CTtATGGTCCATGTCTGTTACTC,4.489658447,"3,",1,"TRANSVERSION,"
114,CTGATGGTCCATGTCTGTTACTC,GTATCTCTATGCGTCGATTTACTGATGGTCCATGTCTGTTACTtAGCTTGGCGTAACTAGATCTTG,TTTA,CTGATGGTCCATGTCTGTTACTt,43.46180308,"23,",1,"NONWOBBLE_TRANSITION,"
115,CTGATGGTCCATGTCTGTTACTC,GTCTCTGTCTGATGAGATTTACTGATGGTCCtTGTCTGTTACTCAGCTTGGCGTAACTAGATCTTG,TTTA,CTGATGGTCCtTGTCTGTTACTC,20.59710272,"11,",1,"TRANSVERSION,"
116,CTGATGGTCCATGTCTGTTACTC,TACTATATATGCGTGGATTTACTGATGGcCCATGTCTGTTACTCAGCTTGGCGTAACTAGATCTTG,TTTA,CTGATGGcCCATGTCTGTTACTC,17.84257021,"8,",1,"NONWOBBLE_TRANSITION,"
117,CTGATGGTCCATGTCTGTTACTC,TACTGAGACTGTCGCGATTTACTGATGGTCCATGcCTGTTACTCAGCTTGGCGTAACTAGATCTTG,TTTA,CTGATGGTCCATGcCTGTTACTC,55.05695254,"14,",1,"NONWOBBLE_TRANSITION,"
118,CTGATGGTCCATGTCTGTTACTC,TAGTAGCATCAGCTAGATTTACTGATGcTCCATGTCTGTTACTCAGCTTGGCGTAACTAGATCTTG,TTTA,CTGATGcTCCATGTCTGTTACTC,9.30139778,"7,",1,"TRANSVERSION,"
119,CTGATGGTCCATGTCTGTTACTC,TCGATCGATGTATCTGATTTACTGATGGTCCATGTCTGTTtCTCAGCTTGGCGTAACTAGATCTTG,TTTA,CTGATGGTCCATGTCTGTTtCTC,39.4252545,"20,",1,"TRANSVERSION,"
120,CTGATGGTCCATGTCTGTTACTC,TCGCATGACTACGAGGATTTACTGATGGTgCATGTCTGTTACTCAGCTTGGCGTAACTAGATCTTG,TTTA,CTGATGGTgCATGTCTGTTACTC,9.520180971,"9,",1,"TRANSVERSION,"
121,CTGATGGTCCATGTCTGTTACTC,TCTCAGACTGCTGACGATTTACTGATGGTCaATGTCTGTTACTCAGCTTGGCGTAACTAGATCTTG,TTTA,CTGATGGTCaATGTCTGTTACTC,6.044003691,"10,",1,"TRANSVERSION,"
122,CTGATGGTCCATGTCTGTTACTC,TGCGCGCGATGACGCGATTTACTGATGGTaCATGTCTGTTACTCAGCTTGGCGTAACTAGATCTTG,TTTA,CTGATGGTaCATGTCTGTTACTC,34.13272642,"9,",1,"TRANSVERSION,"
123,CTGATGGTCCATGTCTGTTACTC,TGCGCGCGTCTCGTCGATTTACTGATGtTCCATGTCTGTTACTCAGCTTGGCGTAACTAGATCTTG,TTTA,CTGATGtTCCATGTCTGTTACTC,5.915257031,"7,",1,"TRANSVERSION,"
124,CTGATGGTCCATGTCTGTTACTC,TGTACTCATCGCTACGATTTACTGAaGGTCCATGTCTGTTACTCAGCTTGGCGTAACTAGATCTTG,TTTA,CTGAaGGTCCATGTCTGTTACTC,6.54988185,"5,",1,"TRANSVERSION,"
125,CTGATGGTCCATGTCTGTTACTC,TGTATGCTCATACGCGATTTACTGATGGTCCATGTCTGgTACTCAGCTTGGCGTAACTAGATCTTG,TTTA,CTGATGGTCCATGTCTGgTACTC,9.822790427,"18,",1,"TRANSVERSION,"
126,CTGATGGTCCATGTCTGTTACTC,TGTGTACGATAGCTAGATTTACTGATGGgCCATGTCTGTTACTCAGCTTGGCGTAACTAGATCTTG,TTTA,CTGATGGgCCATGTCTGTTACTC,7.554998541,"8,",1,"TRANSVERSION,"
127,CTCCGCCCCACCTCCCCCAGCCC,ACACACGTGCGTCTGGATTTACTCCGCCCCACCctCCCCAGCCCAGCTTGGCGTAACTAGATCTTG,TTTA,CTCCGCCCCACCctCCCCAGCCC,0,"13,14,",2,"NONWOBBLE_TRANSITION,NONWOBBLE_TRANSITION,"
128,CTCCGCCCCACCTCCCCCAGCCC,ACATGACAGCAGTGAGATTTACTCCGCCCCACCTCCtttgGCCCAGCTTGGCGTAACTAGATCTTG,TTTA,CTCCGCCCCACCTCCtttgGCCC,0,"16,17,18,19,",4,"NONWOBBLE_TRANSITION,NONWOBBLE_TRANSITION,NONWOBBLE_TRANSITION,WOBBLE_TRANSITION,"
129,CTCCGCCCCACCTCCCCCAGCCC,ACGAGCAGCTGTCTCGATTTACTCCGCCCCACtctCCCCAGCCCAGCTTGGCGTAACTAGATCTTG,TTTA,CTCCGCCCCACtctCCCCAGCCC,0.868936313,"12,13,14,",3,"NONWOBBLE_TRANSITION,NONWOBBLE_TRANSITION,NONWOBBLE_TRANSITION,"
130,CTCCGCCCCACCTCCCCCAGCCC,ACGATCGAGCTCAGAGATTTACTCCatttCACCTCCCCCAGCCCAGCTTGGCGTAACTAGATCTTG,TTTA,CTCCatttCACCTCCCCCAGCCC,0,"5,6,7,8,",4,"NONWOBBLE_TRANSITION,NONWOBBLE_TRANSITION,NONWOBBLE_TRANSITION,NONWOBBLE_TRANSITION,"
131,CTCCGCCCCACCTCCCCCAGCCC,ACGCATACTGATCATGATTTACTCCGCCCCAttTCCCCCAGCCCAGCTTGGCGTAACTAGATCTTG,TTTA,CTCCGCCCCAttTCCCCCAGCCC,15.43895468,"11,12,",2,"NONWOBBLE_TRANSITION,NONWOBBLE_TRANSITION,"
132,CTCCGCCCCACCTCCCCCAGCCC,ACGCTGAGCTCAGTGGATTTACTCtatttCACCTCCCCCAGCCCAGCTTGGCGTAACTAGATCTTG,TTTA,CTCtatttCACCTCCCCCAGCCC,3.101633215,"4,5,6,7,8,",5,"NONWOBBLE_TRANSITION,NONWOBBLE_TRANSITION,NONWOBBLE_TRANSITION,NONWOBBLE_TRANSITION,NONWOBBLE_TRANSITION,"
133,CTCCGCCCCACCTCCCCCAGCCC,ACTAGATGCAGCAGCGATTTACTCCGCCCCACCTCttttgaCCCAGCTTGGCGTAACTAGATCTTG,TTTA,CTCCGCCCCACCTCttttgaCCC,0,"15,16,17,18,19,20,",6,"NONWOBBLE_TRANSITION,NONWOBBLE_TRANSITION,NONWOBBLE_TRANSITION,NONWOBBLE_TRANSITION,WOBBLE_TRANSITION,NONWOBBLE_TRANSITION,"
134,CTCCGCCCCACCTCCCCCAGCCC,ACTCTACGCTGAGCGGATTTACTCCGttCCACCTCCCCCAGCCCAGCTTGGCGTAACTAGATCTTG,TTTA,CTCCGttCCACCTCCCCCAGCCC,10.75798506,"6,7,",2,"NONWOBBLE_TRANSITION,NONWOBBLE_TRANSITION,"
135,CTCCGCCCCACCTCCCCCAGCCC,AGACATACACGTATGGATTTACTCCGCCCCACCTCttttAGCCCAGCTTGGCGTAACTAGATCTTG,TTTA,CTCCGCCCCACCTCttttAGCCC,1.110324809,"15,16,17,18,",4,"NONWOBBLE_TRANSITION,NONWOBBLE_TRANSITION,NONWOBBLE_TRANSITION,NONWOBBLE_TRANSITION,"
136,CTCCGCCCCACCTCCCCCAGCCC,AGCATAGTGTGCACTGATTTACcttaCCCCACCTCCCCCAGCCCAGCTTGGCGTAACTAGATCTTG,TTTA,CcttaCCCCACCTCCCCCAGCCC,0.96460295,"2,3,4,5,",4,"NONWOBBLE_TRANSITION,NONWOBBLE_TRANSITION,NONWOBBLE_TRANSITION,NONWOBBLE_TRANSITION,"
137,CTCCGCCCCACCTCCCCCAGCCC,AGTACAGCGAGTAGTGATTTACctCGCCCCACCTCCCCCAGCCCAGCTTGGCGTAACTAGATCTTG,TTTA,CctCGCCCCACCTCCCCCAGCCC,0,"2,3,",2,"NONWOBBLE_TRANSITION,NONWOBBLE_TRANSITION,"
138,CTCCGCCCCACCTCCCCCAGCCC,AGTATAGTAGCGTGTGATTTACTCCGCCCCACCTCCCCCgattCAGCTTGGCGTAACTAGATCTTG,TTTA,CTCCGCCCCACCTCCCCCgattC,15.68923195,"19,20,21,22,",4,"WOBBLE_TRANSITION,NONWOBBLE_TRANSITION,NONWOBBLE_TRANSITION,NONWOBBLE_TRANSITION,"
139,CTCCGCCCCACCTCCCCCAGCCC,AGTCGTGCGCGACTAGATTTACTCCGCCCtgttTCCCCCAGCCCAGCTTGGCGTAACTAGATCTTG,TTTA,CTCCGCCCtgttTCCCCCAGCCC,8.909776031,"9,10,11,12,",4,"NONWOBBLE_TRANSITION,WOBBLE_TRANSITION,NONWOBBLE_TRANSITION,NONWOBBLE_TRANSITION,"
140,CTCCGCCCCACCTCCCCCAGCCC,AGTCTGACTGATAGAGATTTACTCCGCCCCACtcttCCCAGCCCAGCTTGGCGTAACTAGATCTTG,TTTA,CTCCGCCCCACtcttCCCAGCCC,0,"12,13,14,15,",4,"NONWOBBLE_TRANSITION,NONWOBBLE_TRANSITION,NONWOBBLE_TRANSITION,NONWOBBLE_TRANSITION,"
141,CTCCGCCCCACCTCCCCCAGCCC,AGTGAGAGCGTCACTGATTTACTCCGCCCCgttcttCCCAGCCCAGCTTGGCGTAACTAGATCTTG,TTTA,CTCCGCCCCgttcttCCCAGCCC,0,"10,11,12,13,14,15,",6,"WOBBLE_TRANSITION,NONWOBBLE_TRANSITION,NONWOBBLE_TRANSITION,NONWOBBLE_TRANSITION,NONWOBBLE_TRANSITION,NONWOBBLE_TRANSITION,"
142,CTCCGCCCCACCTCCCCCAGCCC,AGTGAGAGCTCGATAGATTTACTttatCCCACCTCCCCCAGCCCAGCTTGGCGTAACTAGATCTTG,TTTA,CTttatCCCACCTCCCCCAGCCC,0.31274687,"3,4,5,6,",4,"NONWOBBLE_TRANSITION,NONWOBBLE_TRANSITION,NONWOBBLE_TRANSITION,NONWOBBLE_TRANSITION,"
143,CTCCGCCCCACCTCCCCCAGCCC,AGTGCGTGTAGTACTGATTTACTttGCCCCACCTCCCCCAGCCCAGCTTGGCGTAACTAGATCTTG,TTTA,CTttGCCCCACCTCCCCCAGCCC,6.558646813,"3,4,",2,"NONWOBBLE_TRANSITION,NONWOBBLE_TRANSITION,"
144,CTCCGCCCCACCTCCCCCAGCCC,ATATGCGATGAGTACGATTTACTCtatCCCACCTCCCCCAGCCCAGCTTGGCGTAACTAGATCTTG,TTTA,CTCtatCCCACCTCCCCCAGCCC,1.784543326,"4,5,6,",3,"NONWOBBLE_TRANSITION,NONWOBBLE_TRANSITION,NONWOBBLE_TRANSITION,"
145,CTCCGCCCCACCTCCCCCAGCCC,ATGTATATGCTCACAGATTTACTCCGCCCCAttctttCCAGCCCAGCTTGGCGTAACTAGATCTTG,TTTA,CTCCGCCCCAttctttCCAGCCC,0,"11,12,13,14,15,16,",6,"NONWOBBLE_TRANSITION,NONWOBBLE_TRANSITION,NONWOBBLE_TRANSITION,NONWOBBLE_TRANSITION,NONWOBBLE_TRANSITION,NONWOBBLE_TRANSITION,"
146,CTCCGCCCCACCTCCCCCAGCCC,ATGTATCGCATGAGCGATTTACTCCGCtttACCTCCCCCAGCCCAGCTTGGCGTAACTAGATCTTG,TTTA,CTCCGCtttACCTCCCCCAGCCC,14.96712742,"7,8,9,",3,"NONWOBBLE_TRANSITION,NONWOBBLE_TRANSITION,NONWOBBLE_TRANSITION,"
147,CTCCGCCCCACCTCCCCCAGCCC,CACGCGTGTACAGCGGATTTAtctCGCCCCACCTCCCCCAGCCCAGCTTGGCGTAACTAGATCTTG,TTTA,tctCGCCCCACCTCCCCCAGCCC,1.309328969,"1,2,3,",3,"NONWOBBLE_TRANSITION,NONWOBBLE_TRANSITION,NONWOBBLE_TRANSITION,"
148,CTCCGCCCCACCTCCCCCAGCCC,CACGCTATACTCGTCGATTTACTCCGCCCCACCTCCCttgGCCCAGCTTGGCGTAACTAGATCTTG,TTTA,CTCCGCCCCACCTCCCttgGCCC,1.533898481,"17,18,19,",3,"NONWOBBLE_TRANSITION,NONWOBBLE_TRANSITION,WOBBLE_TRANSITION,"
149,CTCCGCCCCACCTCCCCCAGCCC,CAGCGCTACTCTGACGATTTACTCCattttACCTCCCCCAGCCCAGCTTGGCGTAACTAGATCTTG,TTTA,CTCCattttACCTCCCCCAGCCC,0.666784076,"5,6,7,8,9,",5,"NONWOBBLE_TRANSITION,NONWOBBLE_TRANSITION,NONWOBBLE_TRANSITION,NONWOBBLE_TRANSITION,NONWOBBLE_TRANSITION,"
150,CTCCGCCCCACCTCCCCCAGCCC,CAGCTCTATACACTCGATTTAtcCCGCCCCACCTCCCCCAGCCCAGCTTGGCGTAACTAGATCTTG,TTTA,tcCCGCCCCACCTCCCCCAGCCC,4.146341463,"1,2,",2,"NONWOBBLE_TRANSITION,NONWOBBLE_TRANSITION,"
151,CTCCGCCCCACCTCCCCCAGCCC,CAGCTCTATAGTGTGGATTTACTCCGCCCCgtCTCCCCCAGCCCAGCTTGGCGTAACTAGATCTTG,TTTA,CTCCGCCCCgtCTCCCCCAGCCC,0,"10,11,",2,"WOBBLE_TRANSITION,NONWOBBLE_TRANSITION,"
152,CTCCGCCCCACCTCCCCCAGCCC,CATGATGTGACTACAGATTTACTCCGCtttgtCTCCCCCAGCCCAGCTTGGCGTAACTAGATCTTG,TTTA,CTCCGCtttgtCTCCCCCAGCCC,0,"7,8,9,10,11,",5,"NONWOBBLE_TRANSITION,NONWOBBLE_TRANSITION,NONWOBBLE_TRANSITION,WOBBLE_TRANSITION,NONWOBBLE_TRANSITION,"
153,CTCCGCCCCACCTCCCCCAGCCC,CGACGTGAGATATGTGATTTACTCCGCCCCACCTCCCCCgaCCCAGCTTGGCGTAACTAGATCTTG,TTTA,CTCCGCCCCACCTCCCCCgaCCC,9.526574798,"19,20,",2,"WOBBLE_TRANSITION,NONWOBBLE_TRANSITION,"
154,CTCCGCCCCACCTCCCCCAGCCC,CGAGACTCTCGTGCTGATTTACTCCGCCCCgttTCCCCCAGCCCAGCTTGGCGTAACTAGATCTTG,TTTA,CTCCGCCCCgttTCCCCCAGCCC,1.481032582,"10,11,12,",3,"WOBBLE_TRANSITION,NONWOBBLE_TRANSITION,NONWOBBLE_TRANSITION,"
155,CTCCGCCCCACCTCCCCCAGCCC,CGATGTCGTCATATGGATTTACTCCGCCCCACCTCCCttgatCCAGCTTGGCGTAACTAGATCTTG,TTTA,CTCCGCCCCACCTCCCttgatCC,0,"17,18,19,20,21,",5,"NONWOBBLE_TRANSITION,NONWOBBLE_TRANSITION,WOBBLE_TRANSITION,NONWOBBLE_TRANSITION,NONWOBBLE_TRANSITION,"
156,CTCCGCCCCACCTCCCCCAGCCC,CGCTATATGTATGCTGATTTACTCCGttttgtCTCCCCCAGCCCAGCTTGGCGTAACTAGATCTTG,TTTA,CTCCGttttgtCTCCCCCAGCCC,0.251529309,"6,7,8,9,10,11,",6,"NONWOBBLE_TRANSITION,NONWOBBLE_TRANSITION,NONWOBBLE_TRANSITION,NONWOBBLE_TRANSITION,WOBBLE_TRANSITION,NONWOBBLE_TRANSITION,"
157,CTCCGCCCCACCTCCCCCAGCCC,CGTCGAGCGTCGTGTGATTTACTCCGCCCCACCTttttCAGCCCAGCTTGGCGTAACTAGATCTTG,TTTA,CTCCGCCCCACCTttttCAGCCC,3.671074167,"14,15,16,17,",4,"NONWOBBLE_TRANSITION,NONWOBBLE_TRANSITION,NONWOBBLE_TRANSITION,NONWOBBLE_TRANSITION,"
158,CTCCGCCCCACCTCCCCCAGCCC,CTACGACTCTGATACGATTTACTCCGCtttgCCTCCCCCAGCCCAGCTTGGCGTAACTAGATCTTG,TTTA,CTCCGCtttgCCTCCCCCAGCCC,0,"7,8,9,10,",4,"NONWOBBLE_TRANSITION,NONWOBBLE_TRANSITION,NONWOBBLE_TRANSITION,WOBBLE_TRANSITION,"
159,CTCCGCCCCACCTCCCCCAGCCC,CTATCATCGTCTCTAGATTTACTCCGCCttACCTCCCCCAGCCCAGCTTGGCGTAACTAGATCTTG,TTTA,CTCCGCCttACCTCCCCCAGCCC,2.175826072,"8,9,",2,"NONWOBBLE_TRANSITION,NONWOBBLE_TRANSITION,"
160,CTCCGCCCCACCTCCCCCAGCCC,CTATGTCACGAGCTCGATTTACTttaCCCCACCTCCCCCAGCCCAGCTTGGCGTAACTAGATCTTG,TTTA,CTttaCCCCACCTCCCCCAGCCC,0.159724397,"3,4,5,",3,"NONWOBBLE_TRANSITION,NONWOBBLE_TRANSITION,NONWOBBLE_TRANSITION,"
161,CTCCGCCCCACCTCCCCCAGCCC,CTCAGCGTCGCGTGTGATTTACTCCGCCCCACCTCttttgGCCCAGCTTGGCGTAACTAGATCTTG,TTTA,CTCCGCCCCACCTCttttgGCCC,6.587014912,"15,16,17,18,19,",5,"NONWOBBLE_TRANSITION,NONWOBBLE_TRANSITION,NONWOBBLE_TRANSITION,NONWOBBLE_TRANSITION,WOBBLE_TRANSITION,"
162,CTCCGCCCCACCTCCCCCAGCCC,CTCTCAGAGACGTGAGATTTACTCCGCCCCACCTCCCttgaCCCAGCTTGGCGTAACTAGATCTTG,TTTA,CTCCGCCCCACCTCCCttgaCCC,0.098715537,"17,18,19,20,",4,"NONWOBBLE_TRANSITION,NONWOBBLE_TRANSITION,WOBBLE_TRANSITION,NONWOBBLE_TRANSITION,"
163,CTCCGCCCCACCTCCCCCAGCCC,CTGCGCTGACTATGAGATTTACTCCGCCCCACCctttttAGCCCAGCTTGGCGTAACTAGATCTTG,TTTA,CTCCGCCCCACCctttttAGCCC,0.011886431,"13,14,15,16,17,18,",6,"NONWOBBLE_TRANSITION,NONWOBBLE_TRANSITION,NONWOBBLE_TRANSITION,NONWOBBLE_TRANSITION,NONWOBBLE_TRANSITION,NONWOBBLE_TRANSITION,"
164,CTCCGCCCCACCTCCCCCAGCCC,CTGTCACTCTAGTAGGATTTACTCCGCCttgCCTCCCCCAGCCCAGCTTGGCGTAACTAGATCTTG,TTTA,CTCCGCCttgCCTCCCCCAGCCC,6.219233964,"8,9,10,",3,"NONWOBBLE_TRANSITION,NONWOBBLE_TRANSITION,WOBBLE_TRANSITION,"
165,CTCCGCCCCACCTCCCCCAGCCC,GCGATAGTCTAGCTCGATTTACTttattCCACCTCCCCCAGCCCAGCTTGGCGTAACTAGATCTTG,TTTA,CTttattCCACCTCCCCCAGCCC,3.087258864,"3,4,5,6,7,",5,"NONWOBBLE_TRANSITION,NONWOBBLE_TRANSITION,NONWOBBLE_TRANSITION,NONWOBBLE_TRANSITION,NONWOBBLE_TRANSITION,"
166,CTCCGCCCCACCTCCCCCAGCCC,GCGTCGTGTGACTATGATTTACTttatttCACCTCCCCCAGCCCAGCTTGGCGTAACTAGATCTTG,TTTA,CTttatttCACCTCCCCCAGCCC,0.898203593,"3,4,5,6,7,8,",6,"NONWOBBLE_TRANSITION,NONWOBBLE_TRANSITION,NONWOBBLE_TRANSITION,NONWOBBLE_TRANSITION,NONWOBBLE_TRANSITION,NONWOBBLE_TRANSITION,"
167,CTCCGCCCCACCTCCCCCAGCCC,GCGTCTACAGTGATCGATTTACTCCGCCCCACCTtttttgGCCCAGCTTGGCGTAACTAGATCTTG,TTTA,CTCCGCCCCACCTtttttgGCCC,1.543961338,"14,15,16,17,18,19,",6,"NONWOBBLE_TRANSITION,NONWOBBLE_TRANSITION,NONWOBBLE_TRANSITION,NONWOBBLE_TRANSITION,NONWOBBLE_TRANSITION,WOBBLE_TRANSITION,"
168,CTCCGCCCCACCTCCCCCAGCCC,GCTCGCGTGCGACGAGATTTACTCCGCCCCACCTCCCCtgGCCCAGCTTGGCGTAACTAGATCTTG,TTTA,CTCCGCCCCACCTCCCCtgGCCC,8.858652525,"18,19,",2,"NONWOBBLE_TRANSITION,WOBBLE_TRANSITION,"
169,CTCCGCCCCACCTCCCCCAGCCC,GTATCGATCTACGAGGATTTACcttatCCCACCTCCCCCAGCCCAGCTTGGCGTAACTAGATCTTG,TTTA,CcttatCCCACCTCCCCCAGCCC,7.485757015,"2,3,4,5,6,",5,"NONWOBBLE_TRANSITION,NONWOBBLE_TRANSITION,NONWOBBLE_TRANSITION,NONWOBBLE_TRANSITION,NONWOBBLE_TRANSITION,"
170,CTCCGCCCCACCTCCCCCAGCCC,GTATCTCGCAGCGAGGATTTACTCCGCCCCgttcCCCCCAGCCCAGCTTGGCGTAACTAGATCTTG,TTTA,CTCCGCCCCgttcCCCCCAGCCC,0.336685824,"10,11,12,13,",4,"WOBBLE_TRANSITION,NONWOBBLE_TRANSITION,NONWOBBLE_TRANSITION,NONWOBBLE_TRANSITION,"
171,CTCCGCCCCACCTCCCCCAGCCC,GTATGCTATACGCGTGATTTACTCCGCCCCACCTtttCCAGCCCAGCTTGGCGTAACTAGATCTTG,TTTA,CTCCGCCCCACCTtttCCAGCCC,0,"14,15,16,",3,"NONWOBBLE_TRANSITION,NONWOBBLE_TRANSITION,NONWOBBLE_TRANSITION,"
172,CTCCGCCCCACCTCCCCCAGCCC,GTCACACTGAGCGACGATTTACTCCGCCttgtCTCCCCCAGCCCAGCTTGGCGTAACTAGATCTTG,TTTA,CTCCGCCttgtCTCCCCCAGCCC,0.09976677,"8,9,10,11,",4,"NONWOBBLE_TRANSITION,NONWOBBLE_TRANSITION,WOBBLE_TRANSITION,NONWOBBLE_TRANSITION,"
173,CTCCGCCCCACCTCCCCCAGCCC,GTCGCTCGTCAGTGAGATTTACTCCGCCCCACCctttCCAGCCCAGCTTGGCGTAACTAGATCTTG,TTTA,CTCCGCCCCACCctttCCAGCCC,0,"13,14,15,16,",4,"NONWOBBLE_TRANSITION,NONWOBBLE_TRANSITION,NONWOBBLE_TRANSITION,NONWOBBLE_TRANSITION,"
174,CTCCGCCCCACCTCCCCCAGCCC,GTGAGTCGTGCACTAGATTTACTCCGCCCCACtcCCCCCAGCCCAGCTTGGCGTAACTAGATCTTG,TTTA,CTCCGCCCCACtcCCCCCAGCCC,1.70964613,"12,13,",2,"NONWOBBLE_TRANSITION,NONWOBBLE_TRANSITION,"
175,CTCCGCCCCACCTCCCCCAGCCC,GTGCGATAGTACTACGATTTACTCCGCCCCACCTCCCttgattCAGCTTGGCGTAACTAGATCTTG,TTTA,CTCCGCCCCACCTCCCttgattC,0,"17,18,19,20,21,22,",6,"NONWOBBLE_TRANSITION,NONWOBBLE_TRANSITION,WOBBLE_TRANSITION,NONWOBBLE_TRANSITION,NONWOBBLE_TRANSITION,NONWOBBLE_TRANSITION,"
176,CTCCGCCCCACCTCCCCCAGCCC,GTGTCTCAGACAGACGATTTACTCCGCCCCACtcttttCAGCCCAGCTTGGCGTAACTAGATCTTG,TTTA,CTCCGCCCCACtcttttCAGCCC,0.985958553,"12,13,14,15,16,17,",6,"NONWOBBLE_TRANSITION,NONWOBBLE_TRANSITION,NONWOBBLE_TRANSITION,NONWOBBLE_TRANSITION,NONWOBBLE_TRANSITION,NONWOBBLE_TRANSITION,"
177,CTCCGCCCCACCTCCCCCAGCCC,TACGTGCGCTGAGCGGATTTACTCtaCCCCACCTCCCCCAGCCCAGCTTGGCGTAACTAGATCTTG,TTTA,CTCtaCCCCACCTCCCCCAGCCC,8.620633393,"4,5,",2,"NONWOBBLE_TRANSITION,NONWOBBLE_TRANSITION,"
178,CTCCGCCCCACCTCCCCCAGCCC,TACTCGATGTGTCGTGATTTACTCCGCCCtgttcCCCCCAGCCCAGCTTGGCGTAACTAGATCTTG,TTTA,CTCCGCCCtgttcCCCCCAGCCC,2.576314482,"9,10,11,12,13,",5,"NONWOBBLE_TRANSITION,WOBBLE_TRANSITION,NONWOBBLE_TRANSITION,NONWOBBLE_TRANSITION,NONWOBBLE_TRANSITION,"
179,CTCCGCCCCACCTCCCCCAGCCC,TAGTACTATGATAGAGATTTACTCCGCCCCACCTCCCCCAGtttAGCTTGGCGTAACTAGATCTTG,TTTA,CTCCGCCCCACCTCCCCCAGttt,16.70283019,"21,22,23,",3,"NONWOBBLE_TRANSITION,NONWOBBLE_TRANSITION,NONWOBBLE_TRANSITION,"
180,CTCCGCCCCACCTCCCCCAGCCC,TAGTCGCGACTGAGTGATTTACTCCGCCCCACCTCCCCCgatttAGCTTGGCGTAACTAGATCTTG,TTTA,CTCCGCCCCACCTCCCCCgattt,16.01617833,"19,20,21,22,23,",5,"WOBBLE_TRANSITION,NONWOBBLE_TRANSITION,NONWOBBLE_TRANSITION,NONWOBBLE_TRANSITION,NONWOBBLE_TRANSITION,"
181,CTCCGCCCCACCTCCCCCAGCCC,TATGTGACTAGCTGCGATTTACTCtattttACCTCCCCCAGCCCAGCTTGGCGTAACTAGATCTTG,TTTA,CTCtattttACCTCCCCCAGCCC,0,"4,5,6,7,8,9,",6,"NONWOBBLE_TRANSITION,NONWOBBLE_TRANSITION,NONWOBBLE_TRANSITION,NONWOBBLE_TRANSITION,NONWOBBLE_TRANSITION,NONWOBBLE_TRANSITION,"
182,CTCCGCCCCACCTCCCCCAGCCC,TCGTCACAGTGCACTGATTTACTCCGCCCtgttctCCCCAGCCCAGCTTGGCGTAACTAGATCTTG,TTTA,CTCCGCCCtgttctCCCCAGCCC,2.451397543,"9,10,11,12,13,14,",6,"NONWOBBLE_TRANSITION,WOBBLE_TRANSITION,NONWOBBLE_TRANSITION,NONWOBBLE_TRANSITION,NONWOBBLE_TRANSITION,NONWOBBLE_TRANSITION,"
183,CTCCGCCCCACCTCCCCCAGCCC,TCTATGATATATGCTGATTTACTCCGttttACCTCCCCCAGCCCAGCTTGGCGTAACTAGATCTTG,TTTA,CTCCGttttACCTCCCCCAGCCC,0.589561618,"6,7,8,9,",4,"NONWOBBLE_TRANSITION,NONWOBBLE_TRANSITION,NONWOBBLE_TRANSITION,NONWOBBLE_TRANSITION,"
184,CTCCGCCCCACCTCCCCCAGCCC,TCTGACTCAGCACGCGATTTACTCCGCCCCACCTCCtttgatCCAGCTTGGCGTAACTAGATCTTG,TTTA,CTCCGCCCCACCTCCtttgatCC,7.986125649,"16,17,18,19,20,21,",6,"NONWOBBLE_TRANSITION,NONWOBBLE_TRANSITION,NONWOBBLE_TRANSITION,WOBBLE_TRANSITION,NONWOBBLE_TRANSITION,NONWOBBLE_TRANSITION,"
185,CTCCGCCCCACCTCCCCCAGCCC,TCTGAGTAGCAGATGGATTTACTCCGCCCCACCTttCCCAGCCCAGCTTGGCGTAACTAGATCTTG,TTTA,CTCCGCCCCACCTttCCCAGCCC,4.09177064,"14,15,",2,"NONWOBBLE_TRANSITION,NONWOBBLE_TRANSITION,"
186,CTCCGCCCCACCTCCCCCAGCCC,TGACATCGACGAGCGGATTTACTCCGCCCCACCTCCCttAGCCCAGCTTGGCGTAACTAGATCTTG,TTTA,CTCCGCCCCACCTCCCttAGCCC,1.530362168,"17,18,",2,"NONWOBBLE_TRANSITION,NONWOBBLE_TRANSITION,"
187,CTCCGCCCCACCTCCCCCAGCCC,TGACTCGCTACTAGTGATTTACTCCGCCCtgtCTCCCCCAGCCCAGCTTGGCGTAACTAGATCTTG,TTTA,CTCCGCCCtgtCTCCCCCAGCCC,2.08011795,"9,10,11,",3,"NONWOBBLE_TRANSITION,WOBBLE_TRANSITION,NONWOBBLE_TRANSITION,"
188,CTCCGCCCCACCTCCCCCAGCCC,TGAGCGTGCGCGATAGATTTACTCCGCtttgttTCCCCCAGCCCAGCTTGGCGTAACTAGATCTTG,TTTA,CTCCGCtttgttTCCCCCAGCCC,0,"7,8,9,10,11,12,",6,"NONWOBBLE_TRANSITION,NONWOBBLE_TRANSITION,NONWOBBLE_TRANSITION,WOBBLE_TRANSITION,NONWOBBLE_TRANSITION,NONWOBBLE_TRANSITION,"
189,CTCCGCCCCACCTCCCCCAGCCC,TGAGCTATCGTCTGCGATTTACTCCGCCCCACCTCCCCCAatttAGCTTGGCGTAACTAGATCTTG,TTTA,CTCCGCCCCACCTCCCCCAattt,17.67916862,"20,21,22,23,",4,"NONWOBBLE_TRANSITION,NONWOBBLE_TRANSITION,NONWOBBLE_TRANSITION,NONWOBBLE_TRANSITION,"
190,CTCCGCCCCACCTCCCCCAGCCC,TGAGCTCGACTAGAGGATTTACTCCGCCCCACCTCCCCCAGCttAGCTTGGCGTAACTAGATCTTG,TTTA,CTCCGCCCCACCTCCCCCAGCtt,24.58014677,"22,23,",2,"NONWOBBLE_TRANSITION,NONWOBBLE_TRANSITION,"
191,CTCCGCCCCACCTCCCCCAGCCC,TGCGACTGACTCAGTGATTTACTCCGCCCCACCTCtttCAGCCCAGCTTGGCGTAACTAGATCTTG,TTTA,CTCCGCCCCACCTCtttCAGCCC,0,"15,16,17,",3,"NONWOBBLE_TRANSITION,NONWOBBLE_TRANSITION,NONWOBBLE_TRANSITION,"
192,CTCCGCCCCACCTCCCCCAGCCC,TGTCACATAGCGTCTGATTTACTCCGtttCACCTCCCCCAGCCCAGCTTGGCGTAACTAGATCTTG,TTTA,CTCCGtttCACCTCCCCCAGCCC,0,"6,7,8,",3,"NONWOBBLE_TRANSITION,NONWOBBLE_TRANSITION,NONWOBBLE_TRANSITION,"
193,CTCCGCCCCACCTCCCCCAGCCC,TGTCTCACGCGTGAGGATTTACTCCGCCCtgCCTCCCCCAGCCCAGCTTGGCGTAACTAGATCTTG,TTTA,CTCCGCCCtgCCTCCCCCAGCCC,0,"9,10,",2,"NONWOBBLE_TRANSITION,WOBBLE_TRANSITION,"
194,CTCTCCTAGGACCCTCCCTCTCG,ACACAGCGTGTAGCTGATTTACTCTCCTgaagttCTCCCTCTCGAGCTTGGCGTAACTAGATCTTG,TTTA,CTCTCCTgaagttCTCCCTCTCG,1.448009096,"8,9,10,11,12,13,",6,"WOBBLE_TRANSITION,NONWOBBLE_TRANSITION,NONWOBBLE_TRANSITION,WOBBLE_TRANSITION,NONWOBBLE_TRANSITION,NONWOBBLE_TRANSITION,"
195,CTCTCCTAGGACCCTCCCTCTCG,ACGACTCTATCGTCTGATTTACTCctCTAGGACCCTCCCTCTCGAGCTTGGCGTAACTAGATCTTG,TTTA,CTCctCTAGGACCCTCCCTCTCG,0,"4,5,",2,"NONWOBBLE_TRANSITION,NONWOBBLE_TRANSITION,"
196,CTCTCCTAGGACCCTCCCTCTCG,ACGCTAGCATCATGCGATTTACTCTCCTgaagCCCTCCCTCTCGAGCTTGGCGTAACTAGATCTTG,TTTA,CTCTCCTgaagCCCTCCCTCTCG,0,"8,9,10,11,",4,"WOBBLE_TRANSITION,NONWOBBLE_TRANSITION,NONWOBBLE_TRANSITION,WOBBLE_TRANSITION,"
197,CTCTCCTAGGACCCTCCCTCTCG,ACGCTGCATCGATGAGATTTACctcttcAGGACCCTCCCTCTCGAGCTTGGCGTAACTAGATCTTG,TTTA,CctcttcAGGACCCTCCCTCTCG,0.65757648,"2,3,4,5,6,7,",6,"NONWOBBLE_TRANSITION,NONWOBBLE_TRANSITION,NONWOBBLE_TRANSITION,NONWOBBLE_TRANSITION,NONWOBBLE_TRANSITION,NONWOBBLE_TRANSITION,"
198,CTCTCCTAGGACCCTCCCTCTCG,ACTAGTACGAGCACAGATTTACttcttcgGGACCCTCCCTCTCGAGCTTGGCGTAACTAGATCTTG,TTTA,CttcttcgGGACCCTCCCTCTCG,4.714110738,"2,3,4,5,6,7,8,",7,"NONWOBBLE_TRANSITION,NONWOBBLE_TRANSITION,NONWOBBLE_TRANSITION,NONWOBBLE_TRANSITION,NONWOBBLE_TRANSITION,WOBBLE_TRANSITION,"
199,CTCTCCTAGGACCCTCCCTCTCG,AGAGTAGTCTCACAGGATTTACTCTCCTAGagtttcCCCTCTCGAGCTTGGCGTAACTAGATCTTG,TTTA,CTCTCCTAGagtttcCCCTCTCG,0.030545443,"10,11,12,13,14,15,",6,"NONWOBBLE_TRANSITION,WOBBLE_TRANSITION,NONWOBBLE_TRANSITION,NONWOBBLE_TRANSITION,NONWOBBLE_TRANSITION,NONWOBBLE_TRANSITION,"
200,CTCTCCTAGGACCCTCCCTCTCG,AGAGTGATCTATATCGATTTACTCTCCTAGGACCCTtttTCTCGAGCTTGGCGTAACTAGATCTTG,TTTA,CTCTCCTAGGACCCTtttTCTCG,4.570680302,"16,17,18,",3,"NONWOBBLE_TRANSITION,NONWOBBLE_TRANSITION,NONWOBBLE_TRANSITION,"
201,CTCTCCTAGGACCCTCCCTCTCG,AGCAGTACTATCATCGATTTAtTCTCCTAGGACCtTCCCTCTCGAGCTTGGCGTAACTAGATCTTG,TTTA,tTCTCCTAGGACCtTCCCTCTCG,6.05149838,"1,14,",2,"NONWOBBLE_TRANSITION,NONWOBBLE_TRANSITION,"
202,CTCTCCTAGGACCCTCCCTCTCG,AGCGATAGACTCTCGGATTTACTCTCCTAGagCCCTCCCTCTCGAGCTTGGCGTAACTAGATCTTG,TTTA,CTCTCCTAGagCCCTCCCTCTCG,4.832651296,"10,11,",2,"NONWOBBLE_TRANSITION,WOBBLE_TRANSITION,"
203,CTCTCCTAGGACCCTCCCTCTCG,AGCGTCGTCACATAGGATTTACttcttTAGGACCCTCCCTCTCGAGCTTGGCGTAACTAGATCTTG,TTTA,CttcttTAGGACCCTCCCTCTCG,2.351596198,"2,3,4,5,6,",5,"NONWOBBLE_TRANSITION,NONWOBBLE_TRANSITION,NONWOBBLE_TRANSITION,NONWOBBLE_TRANSITION,"
204,CTCTCCTAGGACCCTCCCTCTCG,AGTGACTCACAGCTCGATTTACTCTCCTgaagtCCTCCCTCTCGAGCTTGGCGTAACTAGATCTTG,TTTA,CTCTCCTgaagtCCTCCCTCTCG,6.525672693,"8,9,10,11,12,",5,"WOBBLE_TRANSITION,NONWOBBLE_TRANSITION,NONWOBBLE_TRANSITION,WOBBLE_TRANSITION,NONWOBBLE_TRANSITION,"
205,CTCTCCTAGGACCCTCCCTCTCG,ATACTATATGCTATAGATTTACTCTCCTgaaACCCTCCCTCTCGAGCTTGGCGTAACTAGATCTTG,TTTA,CTCTCCTgaaACCCTCCCTCTCG,0,"8,9,10,",3,"WOBBLE_TRANSITION,NONWOBBLE_TRANSITION,NONWOBBLE_TRANSITION,"
206,CTCTCCTAGGACCCTCCCTCTCG,ATAGACGTAGAGTATGATTTACTCTCCTAaagttCTCCCTCTCGAGCTTGGCGTAACTAGATCTTG,TTTA,CTCTCCTAaagttCTCCCTCTCG,2.452964018,"9,10,11,12,13,",5,"NONWOBBLE_TRANSITION,NONWOBBLE_TRANSITION,WOBBLE_TRANSITION,NONWOBBLE_TRANSITION,NONWOBBLE_TRANSITION,"
207,CTCTCCTAGGACCCTCCCTCTCG,ATGTCGAGCTCGTATGATTTACTCTCCTAGGAtttTCCCTCTCGAGCTTGGCGTAACTAGATCTTG,TTTA,CTCTCCTAGGAtttTCCCTCTCG,0.689501313,"12,13,14,",3,"NONWOBBLE_TRANSITION,NONWOBBLE_TRANSITION,NONWOBBLE_TRANSITION,"
208,CTCTCCTAGGACCCTCCCTCTCG,ATGTGACTATCAGACGATTTAtctctCTAGGACCCTCCCTCTCGAGCTTGGCGTAACTAGATCTTG,TTTA,tctctCTAGGACCCTCCCTCTCG,0,"1,2,3,4,5,",5,"NONWOBBLE_TRANSITION,NONWOBBLE_TRANSITION,NONWOBBLE_TRANSITION,NONWOBBLE_TRANSITION,NONWOBBLE_TRANSITION,"
209,CTCTCCTAGGACCCTCCCTCTCG,CACACTAGACGTAGCGATTTACctcttTAGGACCCTCCCTCTCGAGCTTGGCGTAACTAGATCTTG,TTTA,CctcttTAGGACCCTCCCTCTCG,0,"2,3,4,5,6,",5,"NONWOBBLE_TRANSITION,NONWOBBLE_TRANSITION,NONWOBBLE_TRANSITION,NONWOBBLE_TRANSITION,NONWOBBLE_TRANSITION,"
210,CTCTCCTAGGACCCTCCCTCTCG,CACGTGCTGTCGCTCGATTTAtctTCCTAGGACCCTCCCTCTCGAGCTTGGCGTAACTAGATCTTG,TTTA,tctTCCTAGGACCCTCCCTCTCG,1.971496221,"1,2,3,",3,"NONWOBBLE_TRANSITION,NONWOBBLE_TRANSITION,NONWOBBLE_TRANSITION,"
211,CTCTCCTAGGACCCTCCCTCTCG,CACTCGAGTCATGACGATTTAtTCTCCTAGGACCCTCCtTCTCGAGCTTGGCGTAACTAGATCTTG,TTTA,tTCTCCTAGGACCCTCCtTCTCG,1.159141262,"1,18,",2,"NONWOBBLE_TRANSITION,NONWOBBLE_TRANSITION,"
212,CTCTCCTAGGACCCTCCCTCTCG,CAGATCATGTGCTATGATTTACTCcttcAGGACCCTCCCTCTCGAGCTTGGCGTAACTAGATCTTG,TTTA,CTCcttcAGGACCCTCCCTCTCG,2.287686124,"4,5,6,7,",4,"NONWOBBLE_TRANSITION,NONWOBBLE_TRANSITION,NONWOBBLE_TRANSITION,NONWOBBLE_TRANSITION,"
213,CTCTCCTAGGACCCTCCCTCTCG,CAGCACATCGTGCTGGATTTACTCTCCTgaGACCCTCCCTCTCGAGCTTGGCGTAACTAGATCTTG,TTTA,CTCTCCTgaGACCCTCCCTCTCG,4.732726914,"8,9,",2,"WOBBLE_TRANSITION,NONWOBBLE_TRANSITION,"
214,CTCTCCTAGGACCCTCCCTCTCG,CAGCTGCATAGTACAGATTTAtTCTtCTAGGACCCTCCCTCTCGAGCTTGGCGTAACTAGATCTTG,TTTA,tTCTtCTAGGACCCTCCCTCTCG,1.597773497,"1,5,",2,"NONWOBBLE_TRANSITION,NONWOBBLE_TRANSITION,"
215,CTCTCCTAGGACCCTCCCTCTCG,CATCTAGATACTGCAGATTTAtctcttTAGGACCCTCCCTCTCGAGCTTGGCGTAACTAGATCTTG,TTTA,tctcttTAGGACCCTCCCTCTCG,0.938094119,"1,2,3,4,5,6,",6,"NONWOBBLE_TRANSITION,NONWOBBLE_TRANSITION,NONWOBBLE_TRANSITION,NONWOBBLE_TRANSITION,NONWOBBLE_TRANSITION,NONWOBBLE_TRANSITION,"
216,CTCTCCTAGGACCCTCCCTCTCG,CATGAGCTCACAGTGGATTTACTCTCCTAaagtCCTCCCTCTCGAGCTTGGCGTAACTAGATCTTG,TTTA,CTCTCCTAaagtCCTCCCTCTCG,1.673980862,"9,10,11,12,",4,"NONWOBBLE_TRANSITION,NONWOBBLE_TRANSITION,WOBBLE_TRANSITION,NONWOBBLE_TRANSITION,"
217,CTCTCCTAGGACCCTCCCTCTCG,CGACTCAGTCTATCGGATTTACTCcttcgGGACCCTCCCTCTCGAGCTTGGCGTAACTAGATCTTG,TTTA,CTCcttcgGGACCCTCCCTCTCG,0.838550308,"4,5,6,7,8,",5,"NONWOBBLE_TRANSITION,NONWOBBLE_TRANSITION,NONWOBBLE_TRANSITION,NONWOBBLE_TRANSITION,WOBBLE_TRANSITION,"
218,CTCTCCTAGGACCCTCCCTCTCG,CGTATCGAGAGCTACGATTTACTCTCCTAGGgtCCTCCCTCTCGAGCTTGGCGTAACTAGATCTTG,TTTA,CTCTCCTAGGgtCCTCCCTCTCG,9.199259991,"11,12,",2,"WOBBLE_TRANSITION,NONWOBBLE_TRANSITION,"
219,CTCTCCTAGGACCCTCCCTCTCG,CTCGTCACGACTGCTGATTTACTCTCCcgGGACCCTCCCTCTCGAGCTTGGCGTAACTAGATCTTG,TTTA,CTCTCCcgGGACCCTCCCTCTCG,0,"7,8,",2,"NONWOBBLE_TRANSITION,WOBBLE_TRANSITION,"
220,CTCTCCTAGGACCCTCCCTCTCG,CTCTACTGCAGCTCTGATTTAtTCTCCTgGGACCCTCCCTCTCGAGCTTGGCGTAACTAGATCTTG,TTTA,tTCTCCTgGGACCCTCCCTCTCG,1.056064989,"1,8,",2,"NONWOBBLE_TRANSITION,WOBBLE_TRANSITION,"
221,CTCTCCTAGGACCCTCCCTCTCG,CTCTGTCTGCGAGTAGATTTACTCTttcgGGACCCTCCCTCTCGAGCTTGGCGTAACTAGATCTTG,TTTA,CTCTttcgGGACCCTCCCTCTCG,0,"5,6,7,8,",4,"NONWOBBLE_TRANSITION,NONWOBBLE_TRANSITION,NONWOBBLE_TRANSITION,WOBBLE_TRANSITION,"
222,CTCTCCTAGGACCCTCCCTCTCG,CTGCATGATGATATGGATTTACTCTttTAGGACCCTCCCTCTCGAGCTTGGCGTAACTAGATCTTG,TTTA,CTCTttTAGGACCCTCCCTCTCG,1.803774059,"5,6,",2,"NONWOBBLE_TRANSITION,NONWOBBLE_TRANSITION,"
223,CTCTCCTAGGACCCTCCCTCTCG,CTGTAGTACATCATGGATTTACctcCCTAGGACCCTCCCTCTCGAGCTTGGCGTAACTAGATCTTG,TTTA,CctcCCTAGGACCCTCCCTCTCG,0,"2,3,4,",3,"NONWOBBLE_TRANSITION,NONWOBBLE_TRANSITION,NONWOBBLE_TRANSITION,"
224,CTCTCCTAGGACCCTCCCTCTCG,GACACAGTCGAGCACGATTTACTCTCCTAGGACCCTCCCTtcCGAGCTTGGCGTAACTAGATCTTG,TTTA,CTCTCCTAGGACCCTCCCTtcCG,26.35362736,"20,21,",2,"NONWOBBLE_TRANSITION,NONWOBBLE_TRANSITION,"
225,CTCTCCTAGGACCCTCCCTCTCG,GACAGAGATATCTCTGATTTACTCTCCcgaagtCCTCCCTCTCGAGCTTGGCGTAACTAGATCTTG,TTTA,CTCTCCcgaagtCCTCCCTCTCG,0,"7,8,9,10,11,12,",6,"NONWOBBLE_TRANSITION,WOBBLE_TRANSITION,NONWOBBLE_TRANSITION,NONWOBBLE_TRANSITION,WOBBLE_TRANSITION,NONWOBBLE_TRANSITION,"
226,CTCTCCTAGGACCCTCCCTCTCG,GACGATGCACTGTGTGATTTAtctcCCTAGGACCCTCCCTCTCGAGCTTGGCGTAACTAGATCTTG,TTTA,tctcCCTAGGACCCTCCCTCTCG,1.868775105,"1,2,3,4,",4,"NONWOBBLE_TRANSITION,NONWOBBLE_TRANSITION,NONWOBBLE_TRANSITION,NONWOBBLE_TRANSITION,"
227,CTCTCCTAGGACCCTCCCTCTCG,GACGTCTCTCTCGTCGATTTAtTCTCCTAGGACCCTCCCTtTCGAGCTTGGCGTAACTAGATCTTG,TTTA,tTCTCCTAGGACCCTCCCTtTCG,2.574740742,"1,20,",2,"NONWOBBLE_TRANSITION,NONWOBBLE_TRANSITION,"
228,CTCTCCTAGGACCCTCCCTCTCG,GACGTGCACGTGCGAGATTTACTCTCCTAGGAtttctCCTCTCGAGCTTGGCGTAACTAGATCTTG,TTTA,CTCTCCTAGGAtttctCCTCTCG,2.336746633,"12,13,14,15,16,",5,"NONWOBBLE_TRANSITION,NONWOBBLE_TRANSITION,NONWOBBLE_TRANSITION,NONWOBBLE_TRANSITION,NONWOBBLE_TRANSITION,"
229,CTCTCCTAGGACCCTCCCTCTCG,GAGCACTGACTCTGAGATTTAtTCTCCTAaGACCCTCCCTCTCGAGCTTGGCGTAACTAGATCTTG,TTTA,tTCTCCTAaGACCCTCCCTCTCG,0,"1,9,",2,"NONWOBBLE_TRANSITION,NONWOBBLE_TRANSITION,"
230,CTCTCCTAGGACCCTCCCTCTCG,GAGCGATACGACGCGGATTTACTCTCCcgaGACCCTCCCTCTCGAGCTTGGCGTAACTAGATCTTG,TTTA,CTCTCCcgaGACCCTCCCTCTCG,2.766068307,"7,8,9,",3,"NONWOBBLE_TRANSITION,WOBBLE_TRANSITION,NONWOBBLE_TRANSITION,"
231,CTCTCCTAGGACCCTCCCTCTCG,GAGTCTATCTGCGTAGATTTACTCTCtcAGGACCCTCCCTCTCGAGCTTGGCGTAACTAGATCTTG,TTTA,CTCTCtcAGGACCCTCCCTCTCG,2.141797553,"6,7,",2,"NONWOBBLE_TRANSITION,NONWOBBLE_TRANSITION,"
232,CTCTCCTAGGACCCTCCCTCTCG,GAGTGCTGTATCTGAGATTTACTCTCtcgaagCCCTCCCTCTCGAGCTTGGCGTAACTAGATCTTG,TTTA,CTCTCtcgaagCCCTCCCTCTCG,0,"6,7,8,9,10,11,",6,"NONWOBBLE_TRANSITION,NONWOBBLE_TRANSITION,WOBBLE_TRANSITION,NONWOBBLE_TRANSITION,NONWOBBLE_TRANSITION,WOBBLE_TRANSITION,"
233,CTCTCCTAGGACCCTCCCTCTCG,GAGTGTGTATATGCTGATTTAtTCTCtTAGGACCCTCCCTCTCGAGCTTGGCGTAACTAGATCTTG,TTTA,tTCTCtTAGGACCCTCCCTCTCG,1.643425252,"1,6,",2,"NONWOBBLE_TRANSITION,NONWOBBLE_TRANSITION,"
234,CTCTCCTAGGACCCTCCCTCTCG,GATATGTCTCGCTAGGATTTACTCTCCTAGGACCCctCCTCTCGAGCTTGGCGTAACTAGATCTTG,TTTA,CTCTCCTAGGACCCctCCTCTCG,0,"15,16,",2,"NONWOBBLE_TRANSITION,NONWOBBLE_TRANSITION,"
235,CTCTCCTAGGACCCTCCCTCTCG,GATGATCATGCTACGGATTTAtTCcCCTAGGACCCTCCCTCTCGAGCTTGGCGTAACTAGATCTTG,TTTA,tTCcCCTAGGACCCTCCCTCTCG,0.226357274,"1,4,",2,"NONWOBBLE_TRANSITION,NONWOBBLE_TRANSITION,"
236,CTCTCCTAGGACCCTCCCTCTCG,GATGCGCGCAGTGCTGATTTACctTCCTAGGACCCTCCCTCTCGAGCTTGGCGTAACTAGATCTTG,TTTA,CctTCCTAGGACCCTCCCTCTCG,2.719210888,"2,3,",2,"NONWOBBLE_TRANSITION,NONWOBBLE_TRANSITION,"
237,CTCTCCTAGGACCCTCCCTCTCG,GATGCTATGACTATAGATTTAtTtTCCTAGGACCCTCCCTCTCGAGCTTGGCGTAACTAGATCTTG,TTTA,tTtTCCTAGGACCCTCCCTCTCG,1.978963349,"1,3,",2,"NONWOBBLE_TRANSITION,NONWOBBLE_TRANSITION,"
238,CTCTCCTAGGACCCTCCCTCTCG,GCTATGCATACTAGTGATTTACTCTCCTAGGgttCTCCCTCTCGAGCTTGGCGTAACTAGATCTTG,TTTA,CTCTCCTAGGgttCTCCCTCTCG,0.678125736,"11,12,13,",3,"WOBBLE_TRANSITION,NONWOBBLE_TRANSITION,NONWOBBLE_TRANSITION,"
239,CTCTCCTAGGACCCTCCCTCTCG,GCTGTGCGAGTCTGAGATTTACTCTCCTAGGACCtctttTCTCGAGCTTGGCGTAACTAGATCTTG,TTTA,CTCTCCTAGGACCtctttTCTCG,0.812332006,"14,15,16,17,18,",5,"NONWOBBLE_TRANSITION,NONWOBBLE_TRANSITION,NONWOBBLE_TRANSITION,NONWOBBLE_TRANSITION,NONWOBBLE_TRANSITION,"
240,CTCTCCTAGGACCCTCCCTCTCG,GTAGAGCACGAGACAGATTTAtTCTCCTAGGACCCTtCCTCTCGAGCTTGGCGTAACTAGATCTTG,TTTA,tTCTCCTAGGACCCTtCCTCTCG,5.543485086,"1,16,",2,"NONWOBBLE_TRANSITION,NONWOBBLE_TRANSITION,"
241,CTCTCCTAGGACCCTCCCTCTCG,GTATGTGAGATCGAGGATTTACTCTCCTAaagCCCTCCCTCTCGAGCTTGGCGTAACTAGATCTTG,TTTA,CTCTCCTAaagCCCTCCCTCTCG,7.873477886,"9,10,11,",3,"NONWOBBLE_TRANSITION,NONWOBBLE_TRANSITION,WOBBLE_TRANSITION,"
242,CTCTCCTAGGACCCTCCCTCTCG,GTCTACTCTCATCGAGATTTACTCTCCTAGGAtttcttCTCTCGAGCTTGGCGTAACTAGATCTTG,TTTA,CTCTCCTAGGAtttcttCTCTCG,0,"12,13,14,15,16,17,",6,"NONWOBBLE_TRANSITION,NONWOBBLE_TRANSITION,NONWOBBLE_TRANSITION,NONWOBBLE_TRANSITION,NONWOBBLE_TRANSITION,NONWOBBLE_TRANSITION,"
243,CTCTCCTAGGACCCTCCCTCTCG,GTGACTAGTACACGCGATTTACTCTCCcgaaACCCTCCCTCTCGAGCTTGGCGTAACTAGATCTTG,TTTA,CTCTCCcgaaACCCTCCCTCTCG,1.53751721,"7,8,9,10,",4,"NONWOBBLE_TRANSITION,WOBBLE_TRANSITION,NONWOBBLE_TRANSITION,NONWOBBLE_TRANSITION,"
244,CTCTCCTAGGACCCTCCCTCTCG,GTGTGCTCTGCGTCTGATTTACTCTCCTAGGACttcCCCTCTCGAGCTTGGCGTAACTAGATCTTG,TTTA,CTCTCCTAGGACttcCCCTCTCG,0,"13,14,15,",3,"NONWOBBLE_TRANSITION,NONWOBBLE_TRANSITION,NONWOBBLE_TRANSITION,"
245,CTCTCCTAGGACCCTCCCTCTCG,TACAGCATACAGTATGATTTAtTCTCCTAGGgCCCTCCCTCTCGAGCTTGGCGTAACTAGATCTTG,TTTA,tTCTCCTAGGgCCCTCCCTCTCG,0.959129862,"1,11,",2,"NONWOBBLE_TRANSITION,WOBBLE_TRANSITION,"
246,CTCTCCTAGGACCCTCCCTCTCG,TACGCTAGTACTAGTGATTTAtTCTCCTAGGAtCCTCCCTCTCGAGCTTGGCGTAACTAGATCTTG,TTTA,tTCTCCTAGGAtCCTCCCTCTCG,1.317125828,"1,12,",2,"NONWOBBLE_TRANSITION,NONWOBBLE_TRANSITION,"
247,CTCTCCTAGGACCCTCCCTCTCG,TACTATACAGTCGCGGATTTAtTCTCCTAGGACCCTCCCTCcCGAGCTTGGCGTAACTAGATCTTG,TTTA,tTCTCCTAGGACCCTCCCTCcCG,0,"1,21,",2,"NONWOBBLE_TRANSITION,NONWOBBLE_TRANSITION,"
248,CTCTCCTAGGACCCTCCCTCTCG,TAGATCTATAGCTGTGATTTAtTCTCCcAGGACCCTCCCTCTCGAGCTTGGCGTAACTAGATCTTG,TTTA,tTCTCCcAGGACCCTCCCTCTCG,0,"1,7,",2,"NONWOBBLE_TRANSITION,NONWOBBLE_TRANSITION,"
249,CTCTCCTAGGACCCTCCCTCTCG,TAGTCGACAGAGTCTGATTTACTCTCCTAGGACttctttTCTCGAGCTTGGCGTAACTAGATCTTG,TTTA,CTCTCCTAGGACttctttTCTCG,10.89427338,"13,14,15,16,17,18,",6,"NONWOBBLE_TRANSITION,NONWOBBLE_TRANSITION,NONWOBBLE_TRANSITION,NONWOBBLE_TRANSITION,NONWOBBLE_TRANSITION,NONWOBBLE_TRANSITION,"
250,CTCTCCTAGGACCCTCCCTCTCG,TAGTGATGCTGAGCAGATTTACTCcttTAGGACCCTCCCTCTCGAGCTTGGCGTAACTAGATCTTG,TTTA,CTCcttTAGGACCCTCCCTCTCG,0,"4,5,6,",3,"NONWOBBLE_TRANSITION,NONWOBBLE_TRANSITION,NONWOBBLE_TRANSITION,"
251,CTCTCCTAGGACCCTCCCTCTCG,TATAGACACATCGTAGATTTAtTCTCCTAGGACCCTCCCTCTtGAGCTTGGCGTAACTAGATCTTG,TTTA,tTCTCCTAGGACCCTCCCTCTtG,13.88391033,"1,22,",2,"NONWOBBLE_TRANSITION,NONWOBBLE_TRANSITION,"
252,CTCTCCTAGGACCCTCCCTCTCG,TCAGTGATCGTGATAGATTTACTCTCCTAaagtttTCCCTCTCGAGCTTGGCGTAACTAGATCTTG,TTTA,CTCTCCTAaagtttTCCCTCTCG,1.620144236,"9,10,11,12,13,14,",6,"NONWOBBLE_TRANSITION,NONWOBBLE_TRANSITION,WOBBLE_TRANSITION,NONWOBBLE_TRANSITION,NONWOBBLE_TRANSITION,NONWOBBLE_TRANSITION,"
253,CTCTCCTAGGACCCTCCCTCTCG,TCATGCTATATAGTCGATTTACTCTCCTAGagtCCTCCCTCTCGAGCTTGGCGTAACTAGATCTTG,TTTA,CTCTCCTAGagtCCTCCCTCTCG,6.830076962,"10,11,12,",3,"NONWOBBLE_TRANSITION,WOBBLE_TRANSITION,NONWOBBLE_TRANSITION,"
254,CTCTCCTAGGACCCTCCCTCTCG,TCGTGTGATCACTGAGATTTACTCTCCTAGGAtttcCCCTCTCGAGCTTGGCGTAACTAGATCTTG,TTTA,CTCTCCTAGGAtttcCCCTCTCG,0,"12,13,14,15,",4,"NONWOBBLE_TRANSITION,NONWOBBLE_TRANSITION,NONWOBBLE_TRANSITION,NONWOBBLE_TRANSITION,"
255,CTCTCCTAGGACCCTCCCTCTCG,TCTACAGCTGCGCGCGATTTACTCTCCTAGGgtttctCCTCTCGAGCTTGGCGTAACTAGATCTTG,TTTA,CTCTCCTAGGgtttctCCTCTCG,2.524834282,"11,12,13,14,15,16,",6,"WOBBLE_TRANSITION,NONWOBBLE_TRANSITION,NONWOBBLE_TRANSITION,NONWOBBLE_TRANSITION,NONWOBBLE_TRANSITION,NONWOBBLE_TRANSITION,"
256,CTCTCCTAGGACCCTCCCTCTCG,TGATAGTCGAGTCACGATTTACTCcttcgaGACCCTCCCTCTCGAGCTTGGCGTAACTAGATCTTG,TTTA,CTCcttcgaGACCCTCCCTCTCG,0.159653558,"4,5,6,7,8,9,",6,"NONWOBBLE_TRANSITION,NONWOBBLE_TRANSITION,NONWOBBLE_TRANSITION,NONWOBBLE_TRANSITION,WOBBLE_TRANSITION,NONWOBBLE_TRANSITION,"
257,CTCTCCTAGGACCCTCCCTCTCG,TGCTCACAGAGCACAGATTTACTCTttcgaaACCCTCCCTCTCGAGCTTGGCGTAACTAGATCTTG,TTTA,CTCTttcgaaACCCTCCCTCTCG,3.380095076,"5,6,7,8,9,10,",6,"NONWOBBLE_TRANSITION,NONWOBBLE_TRANSITION,NONWOBBLE_TRANSITION,WOBBLE_TRANSITION,NONWOBBLE_TRANSITION,NONWOBBLE_TRANSITION,"
258,CTCTCCTAGGACCCTCCCTCTCG,TGTAGCATGTGTATGGATTTACTtcCCTAGGACCCTCCCTCTCGAGCTTGGCGTAACTAGATCTTG,TTTA,CTtcCCTAGGACCCTCCCTCTCG,0.293512484,"3,4,",2,"NONWOBBLE_TRANSITION,NONWOBBLE_TRANSITION,"
259,CTGATGGTCCATGTCTGTTACTC,ACATGTCACAGTCACGATTTACTGgcaactCATGTCTGTTACTCAGCTTGGCGTAACTAGATCTTG,TTTA,CTGgcaactCATGTCTGTTACTC,3.290464162,"4,5,6,7,8,9,",6,"WOBBLE_TRANSITION,NONWOBBLE_TRANSITION,NONWOBBLE_TRANSITION,NONWOBBLE_TRANSITION,NONWOBBLE_TRANSITION,NONWOBBLE_TRANSITION,"
260,CTGATGGTCCATGTCTGTTACTC,ACGAGTACTATCTGTGATTTACTGATaacCCATGTCTGTTACTCAGCTTGGCGTAACTAGATCTTG,TTTA,CTGATaacCCATGTCTGTTACTC,0,"6,7,8,",3,"NONWOBBLE_TRANSITION,NONWOBBLE_TRANSITION,NONWOBBLE_TRANSITION,"
261,CTGATGGTCCATGTCTGTTACTC,ACGAGTATCTGCGTGGATTTAtTGATGGTCCgTGTCTGTTACTCAGCTTGGCGTAACTAGATCTTG,TTTA,tTGATGGTCCgTGTCTGTTACTC,0,"1,11,",2,"NONWOBBLE_TRANSITION,WOBBLE_TRANSITION,"
262,CTGATGGTCCATGTCTGTTACTC,ACGATAGTCGCAGATGATTTACTGATGGTCCATGTCcaccgCTCAGCTTGGCGTAACTAGATCTTG,TTTA,CTGATGGTCCATGTCcaccgCTC,2.879628629,"16,17,18,19,20,",5,"NONWOBBLE_TRANSITION,NONWOBBLE_TRANSITION,NONWOBBLE_TRANSITION,NONWOBBLE_TRANSITION,WOBBLE_TRANSITION,"
263,CTGATGGTCCATGTCTGTTACTC,ACGCGTGCGCGATATGATTTACTGATGGcttgcaTCTGTTACTCAGCTTGGCGTAACTAGATCTTG,TTTA,CTGATGGcttgcaTCTGTTACTC,0,"8,9,10,11,12,13,",6,"NONWOBBLE_TRANSITION,NONWOBBLE_TRANSITION,NONWOBBLE_TRANSITION,WOBBLE_TRANSITION,NONWOBBLE_TRANSITION,NONWOBBLE_TRANSITION,"
264,CTGATGGTCCATGTCTGTTACTC,ACGTCGCTCAGTGCAGATTTACTGATaactCATGTCTGTTACTCAGCTTGGCGTAACTAGATCTTG,TTTA,CTGATaactCATGTCTGTTACTC,0,"6,7,8,9,",4,"NONWOBBLE_TRANSITION,NONWOBBLE_TRANSITION,NONWOBBLE_TRANSITION,NONWOBBLE_TRANSITION,"
265,CTGATGGTCCATGTCTGTTACTC,ACTACGAGACACGCAGATTTACTGATGGTCCATGTCTGccACTCAGCTTGGCGTAACTAGATCTTG,TTTA,CTGATGGTCCATGTCTGccACTC,5.540620398,"18,19,",2,"NONWOBBLE_TRANSITION,NONWOBBLE_TRANSITION,"
266,CTGATGGTCCATGTCTGTTACTC,ACTGCTATGCGCTAGGATTTAtTGATGaTCCATGTCTGTTACTCAGCTTGGCGTAACTAGATCTTG,TTTA,tTGATGaTCCATGTCTGTTACTC,5.744750343,"1,7,",2,"NONWOBBLE_TRANSITION,NONWOBBLE_TRANSITION,"
267,CTGATGGTCCATGTCTGTTACTC,AGACGACTCATGCTAGATTTAtTGATGGTCCATGTCTGTTAtTCAGCTTGGCGTAACTAGATCTTG,TTTA,tTGATGGTCCATGTCTGTTAtTC,3.18837847,"1,21,",2,"NONWOBBLE_TRANSITION,NONWOBBLE_TRANSITION,"
268,CTGATGGTCCATGTCTGTTACTC,AGACTGACAGTAGCTGATTTACTGATGGTCCATGctcGTTACTCAGCTTGGCGTAACTAGATCTTG,TTTA,CTGATGGTCCATGctcGTTACTC,12.67543034,"14,15,16,",3,"NONWOBBLE_TRANSITION,NONWOBBLE_TRANSITION,NONWOBBLE_TRANSITION,"
269,CTGATGGTCCATGTCTGTTACTC,AGAGACGCGTACTCGGATTTACTGATGGTCtgcactTGTTACTCAGCTTGGCGTAACTAGATCTTG,TTTA,CTGATGGTCtgcactTGTTACTC,0.124802836,"10,11,12,13,14,15,",6,"NONWOBBLE_TRANSITION,WOBBLE_TRANSITION,NONWOBBLE_TRANSITION,NONWOBBLE_TRANSITION,NONWOBBLE_TRANSITION,NONWOBBLE_TRANSITION,"
270,CTGATGGTCCATGTCTGTTACTC,AGAGCACGCAGACACGATTTACTGgcGGTCCATGTCTGTTACTCAGCTTGGCGTAACTAGATCTTG,TTTA,CTGgcGGTCCATGTCTGTTACTC,7.00525202,"4,5,",2,"WOBBLE_TRANSITION,NONWOBBLE_TRANSITION,"
271,CTGATGGTCCATGTCTGTTACTC,AGCACTCGCACTGCAGATTTAtTGATGGTCCATGTCcGTTACTCAGCTTGGCGTAACTAGATCTTG,TTTA,tTGATGGTCCATGTCcGTTACTC,0.001455327,"1,16,",2,"NONWOBBLE_TRANSITION,NONWOBBLE_TRANSITION,"
272,CTGATGGTCCATGTCTGTTACTC,AGTAGATGCGCAGAGGATTTACTGATGGTCCgcactcGTTACTCAGCTTGGCGTAACTAGATCTTG,TTTA,CTGATGGTCCgcactcGTTACTC,0.021100484,"11,12,13,14,15,16,",6,"WOBBLE_TRANSITION,NONWOBBLE_TRANSITION,NONWOBBLE_TRANSITION,NONWOBBLE_TRANSITION,NONWOBBLE_TRANSITION,NONWOBBLE_TRANSITION,"
273,CTGATGGTCCATGTCTGTTACTC,AGTGCTGATCAGTGCGATTTAtcagTGGTCCATGTCTGTTACTCAGCTTGGCGTAACTAGATCTTG,TTTA,tcagTGGTCCATGTCTGTTACTC,0,"1,2,3,4,",4,"NONWOBBLE_TRANSITION,NONWOBBLE_TRANSITION,NONWOBBLE_TRANSITION,WOBBLE_TRANSITION,"
274,CTGATGGTCCATGTCTGTTACTC,AGTGTGAGCATAGATGATTTAtTGATGGTCCATGTCTGTTACcCAGCTTGGCGTAACTAGATCTTG,TTTA,tTGATGGTCCATGTCTGTTACcC,1.745709255,"1,22,",2,"NONWOBBLE_TRANSITION,NONWOBBLE_TRANSITION,"
275,CTGATGGTCCATGTCTGTTACTC,ATACACGATGTCATCGATTTACTGATGGTCCATGTCTacTACTCAGCTTGGCGTAACTAGATCTTG,TTTA,CTGATGGTCCATGTCTacTACTC,21.4838613,"17,18,",2,"NONWOBBLE_TRANSITION,NONWOBBLE_TRANSITION,"
276,CTGATGGTCCATGTCTGTTACTC,ATAGTACTGTGACTAGATTTAtTGATGGTCCATGTCTGTTgCTCAGCTTGGCGTAACTAGATCTTG,TTTA,tTGATGGTCCATGTCTGTTgCTC,4.713693821,"1,20,",2,"NONWOBBLE_TRANSITION,WOBBLE_TRANSITION,"
277,CTGATGGTCCATGTCTGTTACTC,ATATGCGCTACATGAGATTTACTGATGGTCCgcaTCTGTTACTCAGCTTGGCGTAACTAGATCTTG,TTTA,CTGATGGTCCgcaTCTGTTACTC,3.231837882,"11,12,13,",3,"WOBBLE_TRANSITION,NONWOBBLE_TRANSITION,NONWOBBLE_TRANSITION,"
278,CTGATGGTCCATGTCTGTTACTC,ATCGTCAGTAGACACGATTTACTGAcaacCCATGTCTGTTACTCAGCTTGGCGTAACTAGATCTTG,TTTA,CTGAcaacCCATGTCTGTTACTC,0,"5,6,7,8,",4,"NONWOBBLE_TRANSITION,NONWOBBLE_TRANSITION,NONWOBBLE_TRANSITION,NONWOBBLE_TRANSITION,"
279,CTGATGGTCCATGTCTGTTACTC,ATCGTGACACTACACGATTTACTGATGGTCtgTGTCTGTTACTCAGCTTGGCGTAACTAGATCTTG,TTTA,CTGATGGTCtgTGTCTGTTACTC,12.56304002,"10,11,",2,"NONWOBBLE_TRANSITION,WOBBLE_TRANSITION,"
280,CTGATGGTCCATGTCTGTTACTC,ATGACGTCACAGACGGATTTAtTGATGGTCCATaTCTGTTACTCAGCTTGGCGTAACTAGATCTTG,TTTA,tTGATGGTCCATaTCTGTTACTC,0,"1,13,",2,"NONWOBBLE_TRANSITION,NONWOBBLE_TRANSITION,"
281,CTGATGGTCCATGTCTGTTACTC,ATGATCGCAGCGCTAGATTTAtTGATGGTtCATGTCTGTTACTCAGCTTGGCGTAACTAGATCTTG,TTTA,tTGATGGTtCATGTCTGTTACTC,1.53935385,"1,9,",2,"NONWOBBLE_TRANSITION,NONWOBBLE_TRANSITION,"
282,CTGATGGTCCATGTCTGTTACTC,ATGCGTGCACGTGCGGATTTACcagTGGTCCATGTCTGTTACTCAGCTTGGCGTAACTAGATCTTG,TTTA,CcagTGGTCCATGTCTGTTACTC,0,"2,3,4,",3,"NONWOBBLE_TRANSITION,NONWOBBLE_TRANSITION,WOBBLE_TRANSITION,"
283,CTGATGGTCCATGTCTGTTACTC,CACATGTAGAGTCGCGATTTAtTGATaGTCCATGTCTGTTACTCAGCTTGGCGTAACTAGATCTTG,TTTA,tTGATaGTCCATGTCTGTTACTC,1.769165965,"1,6,",2,"NONWOBBLE_TRANSITION,NONWOBBLE_TRANSITION,"
284,CTGATGGTCCATGTCTGTTACTC,CACGACGCGTCGAGCGATTTACTGgcaacCCATGTCTGTTACTCAGCTTGGCGTAACTAGATCTTG,TTTA,CTGgcaacCCATGTCTGTTACTC,2.455400476,"4,5,6,7,8,",5,"WOBBLE_TRANSITION,NONWOBBLE_TRANSITION,NONWOBBLE_TRANSITION,NONWOBBLE_TRANSITION,NONWOBBLE_TRANSITION,"
285,CTGATGGTCCATGTCTGTTACTC,CACGTAGAGCTGCTAGATTTACTGATGGTCCATGTCTGTTAtcCAGCTTGGCGTAACTAGATCTTG,TTTA,CTGATGGTCCATGTCTGTTAtcC,54.34614801,"21,22,",2,"NONWOBBLE_TRANSITION,NONWOBBLE_TRANSITION,"
286,CTGATGGTCCATGTCTGTTACTC,CACTAGTGTGTGATCGATTTAtTGATGGTCCATGcCTGTTACTCAGCTTGGCGTAACTAGATCTTG,TTTA,tTGATGGTCCATGcCTGTTACTC,2.816868593,"1,14,",2,"NONWOBBLE_TRANSITION,NONWOBBLE_TRANSITION,"
287,CTGATGGTCCATGTCTGTTACTC,CAGCATATCATCGAGGATTTACTGATGGTCCgcactTGTTACTCAGCTTGGCGTAACTAGATCTTG,TTTA,CTGATGGTCCgcactTGTTACTC,1.077145315,"11,12,13,14,15,",5,"WOBBLE_TRANSITION,NONWOBBLE_TRANSITION,NONWOBBLE_TRANSITION,NONWOBBLE_TRANSITION,NONWOBBLE_TRANSITION,"
288,CTGATGGTCCATGTCTGTTACTC,CAGTATCACGATCAGGATTTACTGATGacttgTGTCTGTTACTCAGCTTGGCGTAACTAGATCTTG,TTTA,CTGATGacttgTGTCTGTTACTC,4.439349286,"7,8,9,10,11,",5,"NONWOBBLE_TRANSITION,NONWOBBLE_TRANSITION,NONWOBBLE_TRANSITION,NONWOBBLE_TRANSITION,WOBBLE_TRANSITION,"
289,CTGATGGTCCATGTCTGTTACTC,CATCATGACAGTCGCGATTTACTGATGGTCCATGTCcaTTACTCAGCTTGGCGTAACTAGATCTTG,TTTA,CTGATGGTCCATGTCcaTTACTC,12.17256973,"16,17,",2,"NONWOBBLE_TRANSITION,NONWOBBLE_TRANSITION,"
290,CTGATGGTCCATGTCTGTTACTC,CATCGACTGTCATGAGATTTACTGATGGTCCATGctcaTTACTCAGCTTGGCGTAACTAGATCTTG,TTTA,CTGATGGTCCATGctcaTTACTC,0,"14,15,16,17,",4,"NONWOBBLE_TRANSITION,NONWOBBLE_TRANSITION,NONWOBBLE_TRANSITION,NONWOBBLE_TRANSITION,"
291,CTGATGGTCCATGTCTGTTACTC,CGACTGTAGCACATCGATTTAtTGATGGTCtATGTCTGTTACTCAGCTTGGCGTAACTAGATCTTG,TTTA,tTGATGGTCtATGTCTGTTACTC,0.941989752,"1,10,",2,"NONWOBBLE_TRANSITION,NONWOBBLE_TRANSITION,"
292,CTGATGGTCCATGTCTGTTACTC,CGCATCTGCGTCTCTGATTTACTGATGGTCCATGTtcatcgCTCAGCTTGGCGTAACTAGATCTTG,TTTA,CTGATGGTCCATGTtcatcgCTC,0.524904098,"15,16,17,18,19,20,",6,"NONWOBBLE_TRANSITION,NONWOBBLE_TRANSITION,NONWOBBLE_TRANSITION,NONWOBBLE_TRANSITION,WOBBLE_TRANSITION,"
293,CTGATGGTCCATGTCTGTTACTC,CGCATGTGAGTAGTGGATTTAtTGATGGTCCATGTCTGTcACTCAGCTTGGCGTAACTAGATCTTG,TTTA,tTGATGGTCCATGTCTGTcACTC,1.643362657,"1,19,",2,"NONWOBBLE_TRANSITION,NONWOBBLE_TRANSITION,"
294,CTGATGGTCCATGTCTGTTACTC,CGCTCGCGACATGCAGATTTACTGATGGTttgcaTCTGTTACTCAGCTTGGCGTAACTAGATCTTG,TTTA,CTGATGGTttgcaTCTGTTACTC,0,"9,10,11,12,13,",5,"NONWOBBLE_TRANSITION,NONWOBBLE_TRANSITION,WOBBLE_TRANSITION,NONWOBBLE_TRANSITION,NONWOBBLE_TRANSITION,"
295,CTGATGGTCCATGTCTGTTACTC,CGCTCGTAGTATCGTGATTTACTagcGGTCCATGTCTGTTACTCAGCTTGGCGTAACTAGATCTTG,TTTA,CTagcGGTCCATGTCTGTTACTC,0,"3,4,5,",3,"NONWOBBLE_TRANSITION,WOBBLE_TRANSITION,NONWOBBLE_TRANSITION,"
296,CTGATGGTCCATGTCTGTTACTC,CGCTGCACTGCAGTAGATTTACTGATGGTCCAcactTGTTACTCAGCTTGGCGTAACTAGATCTTG,TTTA,CTGATGGTCCAcactTGTTACTC,5.593907925,"12,13,14,15,",4,"NONWOBBLE_TRANSITION,NONWOBBLE_TRANSITION,NONWOBBLE_TRANSITION,NONWOBBLE_TRANSITION,"
297,CTGATGGTCCATGTCTGTTACTC,CGTCGTAGCAGTGCAGATTTAtcagcaGTCCATGTCTGTTACTCAGCTTGGCGTAACTAGATCTTG,TTTA,tcagcaGTCCATGTCTGTTACTC,1.986217475,"1,2,3,4,5,6,",6,"NONWOBBLE_TRANSITION,NONWOBBLE_TRANSITION,NONWOBBLE_TRANSITION,WOBBLE_TRANSITION,NONWOBBLE_TRANSITION,NONWOBBLE_TRANSITION,"
298,CTGATGGTCCATGTCTGTTACTC,CGTGACTATCACGCTGATTTACTGATGGctCATGTCTGTTACTCAGCTTGGCGTAACTAGATCTTG,TTTA,CTGATGGctCATGTCTGTTACTC,8.73594503,"8,9,",2,"NONWOBBLE_TRANSITION,NONWOBBLE_TRANSITION,"
299,CTGATGGTCCATGTCTGTTACTC,CTCGATGATGTCACTGATTTACTGAcaacttATGTCTGTTACTCAGCTTGGCGTAACTAGATCTTG,TTTA,CTGAcaacttATGTCTGTTACTC,0.35155904,"5,6,7,8,9,10,",6,"NONWOBBLE_TRANSITION,NONWOBBLE_TRANSITION,NONWOBBLE_TRANSITION,NONWOBBLE_TRANSITION,NONWOBBLE_TRANSITION,NONWOBBLE_TRANSITION,"
300,CTGATGGTCCATGTCTGTTACTC,CTCTCGTGTAGCGCGGATTTACTGgcaaTCCATGTCTGTTACTCAGCTTGGCGTAACTAGATCTTG,TTTA,CTGgcaaTCCATGTCTGTTACTC,1.867341075,"4,5,6,7,",4,"WOBBLE_TRANSITION,NONWOBBLE_TRANSITION,NONWOBBLE_TRANSITION,NONWOBBLE_TRANSITION,"
301,CTGATGGTCCATGTCTGTTACTC,CTGAGTGCGTGACTAGATTTACTGATGacttgcGTCTGTTACTCAGCTTGGCGTAACTAGATCTTG,TTTA,CTGATGacttgcGTCTGTTACTC,0.675120932,"7,8,9,10,11,12,",6,"NONWOBBLE_TRANSITION,NONWOBBLE_TRANSITION,NONWOBBLE_TRANSITION,NONWOBBLE_TRANSITION,WOBBLE_TRANSITION,NONWOBBLE_TRANSITION,"
302,CTGATGGTCCATGTCTGTTACTC,CTGCATCGCTGATATGATTTAtTGgTGGTCCATGTCTGTTACTCAGCTTGGCGTAACTAGATCTTG,TTTA,tTGgTGGTCCATGTCTGTTACTC,3.89178026,"1,4,",2,"NONWOBBLE_TRANSITION,WOBBLE_TRANSITION,"
303,CTGATGGTCCATGTCTGTTACTC,GAGATCTAGAGATGTGATTTACTGATGGTCCATGTtcatcACTCAGCTTGGCGTAACTAGATCTTG,TTTA,CTGATGGTCCATGTtcatcACTC,0.896315748,"15,16,17,18,19,",5,"NONWOBBLE_TRANSITION,NONWOBBLE_TRANSITION,NONWOBBLE_TRANSITION,NONWOBBLE_TRANSITION,"
304,CTGATGGTCCATGTCTGTTACTC,GATAGCGTAGACAGTGATTTACTGATGGTCtgcacCTGTTACTCAGCTTGGCGTAACTAGATCTTG,TTTA,CTGATGGTCtgcacCTGTTACTC,0,"10,11,12,13,14,",5,"NONWOBBLE_TRANSITION,WOBBLE_TRANSITION,NONWOBBLE_TRANSITION,NONWOBBLE_TRANSITION,NONWOBBLE_TRANSITION,"
305,CTGATGGTCCATGTCTGTTACTC,GATCACGTCACGCGTGATTTACTGATGGTCCATGTCTGTcgCTCAGCTTGGCGTAACTAGATCTTG,TTTA,CTGATGGTCCATGTCTGTcgCTC,15.51464873,"19,20,",2,"NONWOBBLE_TRANSITION,WOBBLE_TRANSITION,"
306,CTGATGGTCCATGTCTGTTACTC,GCACGACGTGCGTCAGATTTAtTaATGGTCCATGTCTGTTACTCAGCTTGGCGTAACTAGATCTTG,TTTA,tTaATGGTCCATGTCTGTTACTC,0,"1,3,",2,"NONWOBBLE_TRANSITION,NONWOBBLE_TRANSITION,"
307,CTGATGGTCCATGTCTGTTACTC,GCGAGCACTAGCGTCGATTTAtTGATGGTCCATGTCTaTTACTCAGCTTGGCGTAACTAGATCTTG,TTTA,tTGATGGTCCATGTCTaTTACTC,0,"1,17,",2,"NONWOBBLE_TRANSITION,NONWOBBLE_TRANSITION,"
308,CTGATGGTCCATGTCTGTTACTC,GCGATGTCATGTGAGGATTTACTGATGGTCCgcacCTGTTACTCAGCTTGGCGTAACTAGATCTTG,TTTA,CTGATGGTCCgcacCTGTTACTC,7.847009082,"11,12,13,14,",4,"WOBBLE_TRANSITION,NONWOBBLE_TRANSITION,NONWOBBLE_TRANSITION,NONWOBBLE_TRANSITION,"
309,CTGATGGTCCATGTCTGTTACTC,GCTCGCGATCGATGTGATTTACTGATGGTCtgcGTCTGTTACTCAGCTTGGCGTAACTAGATCTTG,TTTA,CTGATGGTCtgcGTCTGTTACTC,0,"10,11,12,",3,"NONWOBBLE_TRANSITION,WOBBLE_TRANSITION,NONWOBBLE_TRANSITION,"
310,CTGATGGTCCATGTCTGTTACTC,GCTGATATGTGCGTGGATTTACTGgcaGTCCATGTCTGTTACTCAGCTTGGCGTAACTAGATCTTG,TTTA,CTGgcaGTCCATGTCTGTTACTC,5.10913565,"4,5,6,",3,"WOBBLE_TRANSITION,NONWOBBLE_TRANSITION,NONWOBBLE_TRANSITION,"
311,CTGATGGTCCATGTCTGTTACTC,GCTGCGCACTGATCAGATTTACTagTGGTCCATGTCTGTTACTCAGCTTGGCGTAACTAGATCTTG,TTTA,CTagTGGTCCATGTCTGTTACTC,5.636412321,"3,4,",2,"NONWOBBLE_TRANSITION,WOBBLE_TRANSITION,"
312,CTGATGGTCCATGTCTGTTACTC,GTACAGTATATCTAGGATTTACTGATGGTCCATacCTGTTACTCAGCTTGGCGTAACTAGATCTTG,TTTA,CTGATGGTCCATacCTGTTACTC,5.334950393,"13,14,",2,"NONWOBBLE_TRANSITION,NONWOBBLE_TRANSITION,"
313,CTGATGGTCCATGTCTGTTACTC,GTAGCACGAGATATAGATTTACTGAcaGTCCATGTCTGTTACTCAGCTTGGCGTAACTAGATCTTG,TTTA,CTGAcaGTCCATGTCTGTTACTC,9.580922158,"5,6,",2,"NONWOBBLE_TRANSITION,NONWOBBLE_TRANSITION,"
314,CTGATGGTCCATGTCTGTTACTC,GTAGTCTCAGTGTGTGATTTACTGATGacttATGTCTGTTACTCAGCTTGGCGTAACTAGATCTTG,TTTA,CTGATGacttATGTCTGTTACTC,6.42724753,"7,8,9,10,",4,"NONWOBBLE_TRANSITION,NONWOBBLE_TRANSITION,NONWOBBLE_TRANSITION,NONWOBBLE_TRANSITION,"
315,CTGATGGTCCATGTCTGTTACTC,GTCTCGTGTGCGTCGGATTTACTGATGGTCCATGTCTGTTgtTCAGCTTGGCGTAACTAGATCTTG,TTTA,CTGATGGTCCATGTCTGTTgtTC,25.70003523,"20,21,",2,"WOBBLE_TRANSITION,NONWOBBLE_TRANSITION,"
316,CTGATGGTCCATGTCTGTTACTC,GTCTGACGACTCTATGATTTACcagcaGTCCATGTCTGTTACTCAGCTTGGCGTAACTAGATCTTG,TTTA,CcagcaGTCCATGTCTGTTACTC,0,"2,3,4,5,6,",5,"NONWOBBLE_TRANSITION,NONWOBBLE_TRANSITION,WOBBLE_TRANSITION,NONWOBBLE_TRANSITION,NONWOBBLE_TRANSITION,"
317,CTGATGGTCCATGTCTGTTACTC,GTGTAGCGCAGCAGAGATTTACTGATGGTCCATGTCTGTTACctAGCTTGGCGTAACTAGATCTTG,TTTA,CTGATGGTCCATGTCTGTTACct,46.33387322,"22,23,",2,"NONWOBBLE_TRANSITION,NONWOBBLE_TRANSITION,"
318,CTGATGGTCCATGTCTGTTACTC,GTGTCGAGTCATCTCGATTTACTGATGGTCCATGTCcaccgtTCAGCTTGGCGTAACTAGATCTTG,TTTA,CTGATGGTCCATGTCcaccgtTC,0,"16,17,18,19,20,21,",6,"NONWOBBLE_TRANSITION,NONWOBBLE_TRANSITION,NONWOBBLE_TRANSITION,NONWOBBLE_TRANSITION,WOBBLE_TRANSITION,NONWOBBLE_TRANSITION,"
319,CTGATGGTCCATGTCTGTTACTC,GTGTGAGTCGCAGCTGATTTACTGATGGTCCATGTCTGTcgtTCAGCTTGGCGTAACTAGATCTTG,TTTA,CTGATGGTCCATGTCTGTcgtTC,26.26159584,"19,20,21,",3,"NONWOBBLE_TRANSITION,WOBBLE_TRANSITION,NONWOBBLE_TRANSITION,"
320,CTGATGGTCCATGTCTGTTACTC,TACTGCGTCTCATACGATTTACTGATGGTCCATGctTGTTACTCAGCTTGGCGTAACTAGATCTTG,TTTA,CTGATGGTCCATGctTGTTACTC,1.024733608,"14,15,",2,"NONWOBBLE_TRANSITION,NONWOBBLE_TRANSITION,"
321,CTGATGGTCCATGTCTGTTACTC,TACTGTCATGACTCGGATTTACTGAcaaTCCATGTCTGTTACTCAGCTTGGCGTAACTAGATCTTG,TTTA,CTGAcaaTCCATGTCTGTTACTC,4.514389383,"5,6,7,",3,"NONWOBBLE_TRANSITION,NONWOBBLE_TRANSITION,NONWOBBLE_TRANSITION,"
322,CTGATGGTCCATGTCTGTTACTC,TAGAGATGTCTGATGGATTTACTGATGGTCCgcGTCTGTTACTCAGCTTGGCGTAACTAGATCTTG,TTTA,CTGATGGTCCgcGTCTGTTACTC,2.056256276,"11,12,",2,"WOBBLE_TRANSITION,NONWOBBLE_TRANSITION,"
323,CTGATGGTCCATGTCTGTTACTC,TAGATATAGCACGCAGATTTACTGATGGTCCATGTCTaccgtTCAGCTTGGCGTAACTAGATCTTG,TTTA,CTGATGGTCCATGTCTaccgtTC,4.33706418,"17,18,19,20,21,",5,"NONWOBBLE_TRANSITION,NONWOBBLE_TRANSITION,NONWOBBLE_TRANSITION,WOBBLE_TRANSITION,NONWOBBLE_TRANSITION,"
324,CTGATGGTCCATGTCTGTTACTC,TAGTCAGTGTCGTATGATTTACTGATGGTCCATGTCcaccACTCAGCTTGGCGTAACTAGATCTTG,TTTA,CTGATGGTCCATGTCcaccACTC,0.514337446,"16,17,18,19,",4,"NONWOBBLE_TRANSITION,NONWOBBLE_TRANSITION,NONWOBBLE_TRANSITION,NONWOBBLE_TRANSITION,"
325,CTGATGGTCCATGTCTGTTACTC,TATAGATCACGACGCGATTTACTGATGGTCtgcaTCTGTTACTCAGCTTGGCGTAACTAGATCTTG,TTTA,CTGATGGTCtgcaTCTGTTACTC,0,"10,11,12,13,",4,"NONWOBBLE_TRANSITION,WOBBLE_TRANSITION,NONWOBBLE_TRANSITION,NONWOBBLE_TRANSITION,"
326,CTGATGGTCCATGTCTGTTACTC,TATCAGTGCGTGTGTGATTTACTGATGGTCCATactcaTTACTCAGCTTGGCGTAACTAGATCTTG,TTTA,CTGATGGTCCATactcaTTACTC,9.59140507,"13,14,15,16,17,",5,"NONWOBBLE_TRANSITION,NONWOBBLE_TRANSITION,NONWOBBLE_TRANSITION,NONWOBBLE_TRANSITION,NONWOBBLE_TRANSITION,"
327,CTGATGGTCCATGTCTGTTACTC,TATCATCTGCAGACGGATTTACcagcaaTCCATGTCTGTTACTCAGCTTGGCGTAACTAGATCTTG,TTTA,CcagcaaTCCATGTCTGTTACTC,0.389530313,"2,3,4,5,6,7,",6,"NONWOBBLE_TRANSITION,NONWOBBLE_TRANSITION,WOBBLE_TRANSITION,NONWOBBLE_TRANSITION,NONWOBBLE_TRANSITION,NONWOBBLE_TRANSITION,"
328,CTGATGGTCCATGTCTGTTACTC,TATGAGTACTCGCGCGATTTACTGATGGTttATGTCTGTTACTCAGCTTGGCGTAACTAGATCTTG,TTTA,CTGATGGTttATGTCTGTTACTC,1.106639839,"9,10,",2,"NONWOBBLE_TRANSITION,NONWOBBLE_TRANSITION,"
329,CTGATGGTCCATGTCTGTTACTC,TATGCGACACAGTATGATTTACTagcaacCCATGTCTGTTACTCAGCTTGGCGTAACTAGATCTTG,TTTA,CTagcaacCCATGTCTGTTACTC,0,"3,4,5,6,7,8,",6,"NONWOBBLE_TRANSITION,WOBBLE_TRANSITION,NONWOBBLE_TRANSITION,NONWOBBLE_TRANSITION,NONWOBBLE_TRANSITION,NONWOBBLE_TRANSITION,"
330,CTGATGGTCCATGTCTGTTACTC,TATGTATGTCGTCGTGATTTACTGATGGTCCATactTGTTACTCAGCTTGGCGTAACTAGATCTTG,TTTA,CTGATGGTCCATactTGTTACTC,0.609812906,"13,14,15,",3,"NONWOBBLE_TRANSITION,NONWOBBLE_TRANSITION,NONWOBBLE_TRANSITION,"
331,CTGATGGTCCATGTCTGTTACTC,TCACTCTCAGCGTGTGATTTACTGATGGTttgcacCTGTTACTCAGCTTGGCGTAACTAGATCTTG,TTTA,CTGATGGTttgcacCTGTTACTC,5.079522109,"9,10,11,12,13,14,",6,"NONWOBBLE_TRANSITION,NONWOBBLE_TRANSITION,WOBBLE_TRANSITION,NONWOBBLE_TRANSITION,NONWOBBLE_TRANSITION,NONWOBBLE_TRANSITION,"
332,CTGATGGTCCATGTCTGTTACTC,TCAGATATAGCTATCGATTTAtTGATGGTCCATGTtTGTTACTCAGCTTGGCGTAACTAGATCTTG,TTTA,tTGATGGTCCATGTtTGTTACTC,3.891922369,"1,15,",2,"NONWOBBLE_TRANSITION,NONWOBBLE_TRANSITION,"
333,CTGATGGTCCATGTCTGTTACTC,TCATCACGACAGTCAGATTTACTagcaGTCCATGTCTGTTACTCAGCTTGGCGTAACTAGATCTTG,TTTA,CTagcaGTCCATGTCTGTTACTC,0,"3,4,5,6,",4,"NONWOBBLE_TRANSITION,WOBBLE_TRANSITION,NONWOBBLE_TRANSITION,NONWOBBLE_TRANSITION,"
334,CTGATGGTCCATGTCTGTTACTC,TCGTCGCGCACACGTGATTTACTGATGGTttgTGTCTGTTACTCAGCTTGGCGTAACTAGATCTTG,TTTA,CTGATGGTttgTGTCTGTTACTC,1.373039692,"9,10,11,",3,"NONWOBBLE_TRANSITION,NONWOBBLE_TRANSITION,WOBBLE_TRANSITION,"
335,CTGATGGTCCATGTCTGTTACTC,TCTCATCATATCTCGGATTTACTGATGGTCCAcactcaTTACTCAGCTTGGCGTAACTAGATCTTG,TTTA,CTGATGGTCCAcactcaTTACTC,0,"12,13,14,15,16,17,",6,"NONWOBBLE_TRANSITION,NONWOBBLE_TRANSITION,NONWOBBLE_TRANSITION,NONWOBBLE_TRANSITION,NONWOBBLE_TRANSITION,NONWOBBLE_TRANSITION,"
336,CTGATGGTCCATGTCTGTTACTC,TCTCGCGCACTGCTAGATTTACTGATGGTCCAcacCTGTTACTCAGCTTGGCGTAACTAGATCTTG,TTTA,CTGATGGTCCAcacCTGTTACTC,2.62233439,"12,13,14,",3,"NONWOBBLE_TRANSITION,NONWOBBLE_TRANSITION,NONWOBBLE_TRANSITION,"
337,CTGATGGTCCATGTCTGTTACTC,TGAGCATCACACTAGGATTTACTGATGGTCCATGTCTaccgCTCAGCTTGGCGTAACTAGATCTTG,TTTA,CTGATGGTCCATGTCTaccgCTC,8.358000179,"17,18,19,20,",4,"NONWOBBLE_TRANSITION,NONWOBBLE_TRANSITION,NONWOBBLE_TRANSITION,WOBBLE_TRANSITION,"
338,CTGATGGTCCATGTCTGTTACTC,TGATAGCATGCACAGGATTTAtTGATGGTCCAcGTCTGTTACTCAGCTTGGCGTAACTAGATCTTG,TTTA,tTGATGGTCCAcGTCTGTTACTC,0.686248009,"1,12,",2,"NONWOBBLE_TRANSITION,NONWOBBLE_TRANSITION,"
339,CTGATGGTCCATGTCTGTTACTC,TGATCGATGCGAGAGGATTTACcaATGGTCCATGTCTGTTACTCAGCTTGGCGTAACTAGATCTTG,TTTA,CcaATGGTCCATGTCTGTTACTC,1.279349257,"2,3,",2,"NONWOBBLE_TRANSITION,NONWOBBLE_TRANSITION,"
340,CTGATGGTCCATGTCTGTTACTC,TGATGTGCTATACTCGATTTACTGAcaactCATGTCTGTTACTCAGCTTGGCGTAACTAGATCTTG,TTTA,CTGAcaactCATGTCTGTTACTC,0.755957286,"5,6,7,8,9,",5,"NONWOBBLE_TRANSITION,NONWOBBLE_TRANSITION,NONWOBBLE_TRANSITION,NONWOBBLE_TRANSITION,NONWOBBLE_TRANSITION,"
341,CTGATGGTCCATGTCTGTTACTC,TGCGTACTGTGACTCGATTTACTGATGGcttgTGTCTGTTACTCAGCTTGGCGTAACTAGATCTTG,TTTA,CTGATGGcttgTGTCTGTTACTC,8.403848714,"8,9,10,11,",4,"NONWOBBLE_TRANSITION,NONWOBBLE_TRANSITION,NONWOBBLE_TRANSITION,WOBBLE_TRANSITION,"
342,CTGATGGTCCATGTCTGTTACTC,TGCTCAGACACAGTGGATTTACTGATaacttATGTCTGTTACTCAGCTTGGCGTAACTAGATCTTG,TTTA,CTGATaacttATGTCTGTTACTC,1.037377257,"6,7,8,9,10,",5,"NONWOBBLE_TRANSITION,NONWOBBLE_TRANSITION,NONWOBBLE_TRANSITION,NONWOBBLE_TRANSITION,NONWOBBLE_TRANSITION,"
343,CTGATGGTCCATGTCTGTTACTC,TGTCGCGTCTACAGTGATTTACcagcGGTCCATGTCTGTTACTCAGCTTGGCGTAACTAGATCTTG,TTTA,CcagcGGTCCATGTCTGTTACTC,0,"2,3,4,5,",4,"NONWOBBLE_TRANSITION,NONWOBBLE_TRANSITION,WOBBLE_TRANSITION,NONWOBBLE_TRANSITION,"